invoice_id,sale_date,customer_id,product_id,store_id,quantity,gross_sales,tax,total_sales,payment_method,rating
INV00001,2024-07-01,C0068,P005,S002,2,13.00,0.65,13.65,Upi,6.70
INV00002,2024-01-25,C0226,P005,S003,3,19.50,0.98,20.48,Cash,9.70
INV00003,2024-09-03,C0145,P008,S003,1,22.00,1.10,23.10,Upi,9.00
INV00004,2024-01-02,C0065,P017,S002,1,20.00,1.00,21.00,Card,7.10
INV00005,2024-07-28,C0016,P011,S001,1,25.00,1.25,26.25,Card,9.20
INV00006,2024-01-25,C0001,P002,S001,2,24.00,1.20,25.20,Upi,9.70
INV00007,2024-07-28,C0003,P009,S001,1,11.50,0.58,12.08,Card,6.30
INV00008,2024-07-31,C0128,P011,S001,3,75.00,3.75,78.75,Cash,5.90
INV00009,2024-09-04,C0075,P017,S003,1,20.00,1.00,21.00,Card,7.20
INV00010,2024-09-07,C0236,P016,S002,3,27.00,1.35,28.35,Card,7.20
INV00011,2024-08-17,C0087,P012,S003,1,18.00,0.90,18.90,Upi,9.80
INV00012,2024-08-22,C0106,P004,S003,3,21.00,1.05,22.05,Upi,6.80
INV00013,2024-04-01,C0143,P005,S002,3,19.50,0.98,20.48,Unknown,7.90
INV00014,2024-07-12,C0008,P013,S002,3,45.00,2.25,47.25,Card,6.50
INV00015,2024-03-10,C0138,P017,S003,1,20.00,1.00,21.00,Upi,9.50
INV00016,2024-09-19,C0065,P015,S002,1,35.00,1.75,36.75,Card,9.70
INV00017,2024-02-11,C0089,P015,S003,1,35.00,1.75,36.75,Card,8.30
INV00018,2024-10-08,C0033,P014,S002,1,12.00,0.60,12.60,Card,9.50
INV00019,2024-04-01,C0191,P001,S002,2,37.00,1.85,38.85,Cash,8.50
INV00020,2024-08-26,C0190,P011,S001,1,25.00,1.25,26.25,Card,6.40
INV00021,2024-10-14,C0140,P009,S003,1,11.50,0.58,12.08,Cash,8.30
INV00022,2024-03-20,C0080,P010,S002,1,5.00,0.25,5.25,Card,5.60
INV00023,2024-02-05,C0208,P003,S001,3,28.50,1.43,29.93,Card,8.50
INV00024,2024-03-11,C0018,P002,S001,2,24.00,1.20,25.20,Upi,5.60
INV00025,2024-03-11,C0116,P006,S003,2,28.00,1.40,29.40,Upi,6.20
INV00026,2024-10-05,C0020,P002,S001,1,12.00,0.60,12.60,Cash,6.90
INV00027,2024-02-08,C0019,P013,S001,1,15.00,0.75,15.75,Card,8.30
INV00028,2024-08-10,C0024,P018,S002,1,32.00,1.60,33.60,Upi,7.00
INV00029,2024-09-12,C0055,P011,S003,3,75.00,3.75,78.75,Upi,7.90
INV00030,2024-02-01,C0114,P008,S002,5,110.00,5.50,115.50,Upi,8.40
INV00031,2024-10-03,C0067,P014,S002,2,24.00,1.20,25.20,Card,9.20
INV00032,2024-04-27,C0098,P001,S001,4,74.00,3.70,77.70,Upi,7.40
INV00033,2024-01-08,C0037,P004,S003,1,7.00,0.35,7.35,Card,8.70
INV00034,2024-12-07,C0015,P006,S003,2,28.00,1.40,29.40,Card,7.00
INV00035,2024-06-04,C0074,P011,S001,2,50.00,2.50,52.50,Card,8.40
INV00036,2024-12-25,C0089,P012,S002,1,18.00,0.90,18.90,Upi,6.10
INV00037,2024-01-02,C0113,P009,S001,5,57.50,2.88,60.38,Cash,6.80
INV00038,2024-10-27,C0093,P012,S003,3,54.00,2.70,56.70,Card,8.30
INV00039,2024-02-21,C0142,P012,S001,3,54.00,2.70,56.70,Card,7.40
INV00040,2024-03-22,C0019,P010,S002,2,10.00,0.50,10.50,Card,8.50
INV00041,2024-11-17,C0073,P001,S001,1,18.50,0.93,19.43,Upi,8.80
INV00042,2024-04-17,C0094,P016,S001,2,18.00,0.90,18.90,Cash,10.00
INV00043,2024-12-18,C0027,P002,S002,1,12.00,0.60,12.60,Card,9.00
INV00044,2024-10-26,C0114,P008,S003,2,44.00,2.20,46.20,Upi,8.40
INV00045,2024-05-22,C0135,P003,S002,1,9.50,0.48,9.98,Cash,7.20
INV00046,2024-06-07,C0017,P018,S002,2,64.00,3.20,67.20,Card,7.30
INV00047,2024-04-16,C0021,P016,S001,2,18.00,0.90,18.90,Card,9.40
INV00048,2024-07-07,C0004,P011,S001,5,125.00,6.25,131.25,Upi,8.40
INV00049,2024-06-19,C0112,P008,S002,2,44.00,2.20,46.20,Upi,9.80
INV00050,2024-02-20,C0017,P011,S003,2,50.00,2.50,52.50,Upi,7.80
INV00051,2024-01-22,C0120,P001,S003,1,18.50,0.93,19.43,Cash,9.00
INV00052,2024-03-31,C0024,P018,S001,1,32.00,1.60,33.60,Upi,7.70
INV00053,2024-04-26,C0022,P003,S003,1,9.50,0.48,9.98,Cash,6.30
INV00054,2024-02-17,C0026,P008,S002,2,44.00,2.20,46.20,Card,6.70
INV00055,2024-11-05,C0121,P003,S002,1,9.50,0.48,9.98,Cash,5.70
INV00056,2024-06-21,C0105,P003,S001,3,28.50,1.43,29.93,Cash,6.40
INV00057,2024-06-24,C0106,P015,S001,2,70.00,3.50,73.50,Upi,9.20
INV00058,2024-07-16,C0104,P015,S003,1,35.00,1.75,36.75,Cash,8.70
INV00059,2024-01-16,C0032,P010,S002,3,15.00,0.75,15.75,Card,6.20
INV00060,2024-10-01,C0175,P003,S002,1,9.50,0.48,9.98,Card,7.60
INV00061,2024-02-24,C0016,P013,S001,1,15.00,0.75,15.75,Upi,6.30
INV00062,2024-08-12,C0018,P004,S001,2,14.00,0.70,14.70,Upi,7.20
INV00063,2024-11-20,C0036,P018,S003,1,32.00,1.60,33.60,Card,6.60
INV00064,2024-05-24,C0172,P008,S003,1,22.00,1.10,23.10,Card,7.70
INV00065,2024-03-08,C0119,P017,S002,4,80.00,4.00,84.00,Upi,9.00
INV00066,2024-09-24,C0089,P014,S001,1,12.00,0.60,12.60,Card,9.80
INV00067,2024-11-28,C0135,P007,S003,1,8.00,0.40,8.40,Cash,9.10
INV00068,2024-09-12,C0038,P003,S003,2,19.00,0.95,19.95,Upi,6.40
INV00069,2024-08-03,C0069,P011,S001,4,100.00,5.00,105.00,Cash,8.90
INV00070,2024-03-15,C0080,P004,S002,1,7.00,0.35,7.35,Cash,5.90
INV00071,2024-01-15,C0174,P016,S003,1,9.00,0.45,9.45,Upi,6.20
INV00072,2024-05-07,C0057,P007,S001,1,8.00,0.40,8.40,Cash,7.30
INV00073,2024-10-31,C0049,P014,S003,1,12.00,0.60,12.60,Cash,6.30
INV00074,2024-09-13,C0133,P005,S001,4,26.00,1.30,27.30,Cash,8.60
INV00075,2024-07-08,C0056,P007,S002,1,8.00,0.40,8.40,Cash,6.20
INV00076,2024-11-08,C0031,P005,S001,3,19.50,0.98,20.48,Upi,8.60
INV00077,2024-10-11,C0154,P010,S003,1,5.00,0.25,5.25,Cash,8.80
INV00078,2024-03-17,C0117,P003,S002,3,28.50,1.43,29.93,Upi,8.40
INV00079,2024-11-18,C0121,P013,S001,4,60.00,3.00,63.00,Cash,9.30
INV00080,2024-03-24,C0038,P011,S002,1,25.00,1.25,26.25,Upi,7.70
INV00081,2024-01-11,C0167,P008,S003,1,22.00,1.10,23.10,Upi,9.80
INV00082,2024-08-26,C0029,P005,S002,3,19.50,0.98,20.48,Card,5.90
INV00083,2024-08-01,C0082,P014,S001,2,24.00,1.20,25.20,Upi,7.40
INV00084,2024-02-10,C0056,P005,S002,1,6.50,0.33,6.83,Card,8.00
INV00085,2024-06-21,C0108,P002,S001,2,24.00,1.20,25.20,Upi,6.50
INV00086,2024-07-01,C0125,P006,S003,1,14.00,0.70,14.70,Card,5.80
INV00087,2024-02-26,C0058,P006,S003,3,42.00,2.10,44.10,Upi,8.40
INV00088,2024-01-03,C0123,P004,S003,4,28.00,1.40,29.40,Card,7.50
INV00090,2024-06-07,C0078,P014,S001,1,12.00,0.60,12.60,Cash,8.00
INV00091,2024-02-11,C0088,P008,S003,4,88.00,4.40,92.40,Upi,8.50
INV00092,2024-12-19,C0136,P017,S001,1,20.00,1.00,21.00,Cash,8.50
INV00093,2024-08-24,C0024,P012,S001,2,36.00,1.80,37.80,Upi,9.60
INV00094,2024-03-18,C0204,P002,S001,2,24.00,1.20,25.20,Upi,8.90
INV00095,2024-12-14,C0137,P012,S002,3,54.00,2.70,56.70,Upi,6.60
INV00096,2024-08-02,C0018,P007,S003,4,32.00,1.60,33.60,Card,8.80
INV00097,2024-03-20,C0143,P015,S003,1,35.00,1.75,36.75,Upi,7.50
INV00098,2024-02-12,C0015,P011,S001,1,25.00,1.25,26.25,Upi,6.70
INV00099,2024-04-13,C0028,P013,S001,2,30.00,1.50,31.50,Cash,9.70
INV00100,2024-01-26,C0206,P007,S003,3,24.00,1.20,25.20,Upi,9.40
INV00101,2024-01-21,C0144,P009,S002,1,11.50,0.58,12.08,Upi,6.70
INV00102,2024-08-02,C0057,P018,S003,1,32.00,1.60,33.60,Cash,9.40
INV00103,2024-07-18,C0070,P003,S001,3,28.50,1.43,29.93,Upi,7.30
INV00104,2024-12-19,C0037,P018,S001,2,64.00,3.20,67.20,Cash,8.40
INV00105,2024-03-06,C0027,P001,S003,1,18.50,0.93,19.43,Upi,9.30
INV00106,2024-05-01,C0135,P001,S002,1,18.50,0.93,19.43,Upi,7.20
INV00107,2024-10-31,C0021,P018,S003,3,96.00,4.80,100.80,Card,7.30
INV00108,2024-01-10,C0104,P001,S002,1,18.50,0.93,19.43,Upi,7.10
INV00109,2024-11-25,C0047,P009,S003,1,11.50,0.58,12.08,Card,7.20
INV00110,2024-07-11,C0045,P017,S002,2,40.00,2.00,42.00,Card,5.70
INV00111,2024-04-01,C0057,P002,S001,3,36.00,1.80,37.80,Card,8.60
INV00112,2024-04-30,C0091,P013,S002,1,15.00,0.75,15.75,Upi,9.10
INV00113,2024-05-01,C0070,P014,S003,2,24.00,1.20,25.20,Card,8.50
INV00114,2024-06-24,C0015,P015,S001,3,105.00,5.25,110.25,Cash,9.70
INV00115,2024-07-10,C0051,P003,S003,3,28.50,1.43,29.93,Upi,6.00
INV00116,2024-04-26,C0052,P008,S001,2,44.00,2.20,46.20,Card,7.90
INV00117,2024-01-26,C0066,P013,S002,1,15.00,0.75,15.75,Cash,8.60
INV00118,2024-12-29,C0086,P012,S001,1,18.00,0.90,18.90,Upi,5.70
INV00119,2024-09-09,C0059,P017,S002,3,60.00,3.00,63.00,Card,8.80
INV00120,2024-06-24,C0123,P004,S001,3,21.00,1.05,22.05,Upi,7.70
INV00121,2024-11-03,C0003,P012,S003,2,36.00,1.80,37.80,Cash,9.10
INV00122,2024-09-15,C0220,P006,S003,3,42.00,2.10,44.10,Card,7.30
INV00123,2024-01-04,C0007,P002,S001,1,12.00,0.60,12.60,Card,8.10
INV00124,2024-07-20,C0011,P012,S003,1,18.00,0.90,18.90,Card,7.10
INV00125,2024-10-05,C0216,P006,S002,2,28.00,1.40,29.40,Upi,9.80
INV00126,2024-04-04,C0136,P004,S002,3,21.00,1.05,22.05,Card,9.30
INV00127,2024-08-31,C0115,P003,S003,3,28.50,1.43,29.93,Card,6.60
INV00128,2024-03-29,C0057,P018,S001,4,128.00,6.40,134.40,Cash,9.20
INV00129,2024-08-17,C0021,P010,S003,2,10.00,0.50,10.50,Upi,8.20
INV00130,2024-07-28,C0089,P005,S001,2,13.00,0.65,13.65,Cash,9.40
INV00131,2024-05-13,C0098,P015,S002,2,70.00,3.50,73.50,Card,6.70
INV00132,2024-12-05,C0102,P010,S002,3,15.00,0.75,15.75,Cash,7.00
INV00133,2024-02-03,C0056,P017,S001,2,40.00,2.00,42.00,Cash,7.70
INV00134,2024-01-21,C0045,P002,S002,3,36.00,1.80,37.80,Upi,6.10
INV00135,2024-02-17,C0043,P011,S002,2,50.00,2.50,52.50,Card,7.60
INV00136,2024-06-28,C0108,P004,S002,1,7.00,0.35,7.35,Cash,7.50
INV00137,2024-03-23,C0195,P017,S001,1,20.00,1.00,21.00,Cash,7.20
INV00138,2024-07-27,C0063,P005,S001,1,6.50,0.33,6.83,Upi,6.00
INV00139,2024-07-09,C0050,P004,S002,4,28.00,1.40,29.40,Cash,9.40
INV00140,2024-12-20,C0050,P012,S001,1,18.00,0.90,18.90,Card,6.80
INV00141,2024-04-13,C0119,P012,S002,3,54.00,2.70,56.70,Card,5.90
INV00142,2024-09-22,C0031,P016,S003,4,36.00,1.80,37.80,Upi,9.90
INV00143,2024-12-26,C0082,P007,S001,1,8.00,0.40,8.40,Cash,6.80
INV00144,2024-08-01,C0126,P014,S002,2,24.00,1.20,25.20,Upi,7.70
INV00145,2024-07-08,C0032,P013,S001,2,30.00,1.50,31.50,Upi,8.80
INV00146,2024-10-31,C0019,P001,S001,1,18.50,0.93,19.43,Card,7.60
INV00147,2024-02-01,C0139,P012,S003,2,36.00,1.80,37.80,Upi,8.70
INV00148,2024-06-20,C0172,P006,S001,1,14.00,0.70,14.70,Upi,8.40
INV00149,2024-01-22,C0222,P011,S002,2,50.00,2.50,52.50,Cash,8.00
INV00150,2024-05-09,C0091,P003,S003,1,9.50,0.48,9.98,Cash,9.40
INV00151,2024-06-12,C0048,P015,S003,2,70.00,3.50,73.50,Cash,8.30
INV00152,2024-08-22,C0127,P015,S003,1,35.00,1.75,36.75,Card,9.60
INV00153,2024-01-15,C0042,P011,S002,2,50.00,2.50,52.50,Upi,7.70
INV00154,2024-10-07,C0057,P006,S001,2,28.00,1.40,29.40,Card,9.10
INV00155,2024-01-20,C0054,P003,S002,1,9.50,0.48,9.98,Cash,7.00
INV00156,2024-11-19,C0152,P009,S002,1,11.50,0.58,12.08,Upi,8.30
INV00157,2024-03-16,C0108,P006,S003,1,14.00,0.70,14.70,Card,6.40
INV00158,2024-07-18,C0003,P006,S003,1,14.00,0.70,14.70,Cash,9.10
INV00159,2024-11-28,C0130,P006,S001,2,28.00,1.40,29.40,Upi,6.20
INV00160,2024-03-10,C0129,P007,S001,4,32.00,1.60,33.60,Cash,9.00
INV00161,2024-01-10,C0028,P015,S002,1,35.00,1.75,36.75,Card,8.70
INV00162,2024-10-11,C0190,P018,S002,1,32.00,1.60,33.60,Upi,7.60
INV00163,2024-12-21,C0055,P001,S001,2,37.00,1.85,38.85,Card,9.70
INV00164,2024-05-21,C0195,P009,S003,1,11.50,0.58,12.08,Cash,9.10
INV00165,2024-01-05,C0121,P015,S001,1,35.00,1.75,36.75,Card,9.70
INV00166,2024-10-20,C0128,P014,S002,2,24.00,1.20,25.20,Card,6.40
INV00167,2024-03-16,C0025,P011,S001,2,50.00,2.50,52.50,Upi,6.30
INV00168,2024-03-09,C0111,P007,S002,1,8.00,0.40,8.40,Card,9.90
INV00169,2024-03-04,C0119,P013,S001,2,30.00,1.50,31.50,Cash,8.50
INV00170,2024-05-01,C0098,P017,S001,1,20.00,1.00,21.00,Upi,8.50
INV00171,2024-05-10,C0216,P004,S003,1,7.00,0.35,7.35,Upi,9.80
INV00172,2024-04-16,C0090,P012,S003,1,18.00,0.90,18.90,Card,5.60
INV00173,2024-10-17,C0135,P018,S001,1,32.00,1.60,33.60,Upi,8.50
INV00174,2024-04-25,C0105,P003,S001,1,9.50,0.48,9.98,Upi,7.80
INV00175,2024-09-17,C0140,P004,S002,3,21.00,1.05,22.05,Cash,8.40
INV00176,2024-10-04,C0111,P012,S001,2,36.00,1.80,37.80,Upi,5.80
INV00177,2024-02-23,C0082,P001,S003,2,37.00,1.85,38.85,Cash,9.50
INV00178,2024-12-03,C0036,P004,S002,3,21.00,1.05,22.05,Card,6.20
INV00179,2024-08-13,C0133,P004,S001,5,35.00,1.75,36.75,Upi,5.80
INV00180,2024-05-13,C0120,P010,S003,2,10.00,0.50,10.50,Upi,7.10
INV00181,2024-01-15,C0132,P011,S001,1,25.00,1.25,26.25,Upi,6.30
INV00182,2024-05-31,C0012,P013,S002,2,30.00,1.50,31.50,Upi,5.90
INV00183,2024-08-06,C0232,P011,S001,3,75.00,3.75,78.75,Upi,5.50
INV00184,2024-12-11,C0139,P006,S003,3,42.00,2.10,44.10,Upi,6.20
INV00185,2024-07-26,C0096,P006,S001,5,70.00,3.50,73.50,Upi,6.00
INV00186,2024-04-04,C0100,P017,S003,4,80.00,4.00,84.00,Upi,6.70
INV00187,2024-08-18,C0082,P006,S003,1,14.00,0.70,14.70,Card,9.80
INV00188,2024-11-23,C0087,P010,S002,1,5.00,0.25,5.25,Upi,6.60
INV00189,2024-01-02,C0063,P005,S001,3,19.50,0.98,20.48,Card,6.20
INV00190,2024-05-30,C0181,P011,S003,2,50.00,2.50,52.50,Upi,8.20
INV00191,2024-08-04,C0047,P012,S003,3,54.00,2.70,56.70,Cash,6.00
INV00192,2024-10-19,C0195,P015,S001,1,35.00,1.75,36.75,Upi,9.00
INV00193,2024-09-13,C0123,P005,S001,1,6.50,0.33,6.83,Card,6.30
INV00194,2024-03-02,C0062,P006,S001,3,42.00,2.10,44.10,Cash,9.00
INV00195,2024-12-17,C0162,P008,S002,3,66.00,3.30,69.30,Upi,6.60
INV00196,2024-04-23,C0103,P013,S001,1,15.00,0.75,15.75,Card,9.50
INV00197,2024-02-25,C0048,P002,S003,1,12.00,0.60,12.60,Upi,6.90
INV00198,2024-11-14,C0164,P007,S001,1,8.00,0.40,8.40,Upi,6.70
INV00199,2024-07-20,C0111,P004,S002,2,14.00,0.70,14.70,Upi,6.40
INV00200,2024-10-28,C0073,P005,S003,1,6.50,0.33,6.83,Card,9.10
INV00201,2024-05-23,C0078,P004,S002,3,21.00,1.05,22.05,Cash,6.00
INV00202,2024-10-12,C0105,P016,S001,3,27.00,1.35,28.35,Cash,7.80
INV00203,2024-04-07,C0232,P016,S002,1,9.00,0.45,9.45,Card,7.00
INV00204,2024-12-19,C0005,P002,S002,1,12.00,0.60,12.60,Card,8.70
INV00205,2024-02-09,C0075,P004,S003,1,7.00,0.35,7.35,Upi,9.90
INV00206,2024-08-04,C0061,P011,S002,1,25.00,1.25,26.25,Cash,6.00
INV00207,2024-06-22,C0119,P004,S001,3,21.00,1.05,22.05,Upi,7.80
INV00208,2024-01-28,C0210,P010,S001,5,25.00,1.25,26.25,Upi,6.20
INV00209,2024-12-03,C0034,P014,S001,2,24.00,1.20,25.20,Cash,6.00
INV00210,2024-07-23,C0116,P013,S001,3,45.00,2.25,47.25,Cash,9.10
INV00211,2024-10-11,C0191,P012,S001,4,72.00,3.60,75.60,Card,7.20
INV00212,2024-01-29,C0129,P010,S002,2,10.00,0.50,10.50,Card,9.40
INV00213,2024-03-07,C0027,P015,S002,1,35.00,1.75,36.75,Upi,6.20
INV00214,2024-01-22,C0030,P007,S003,2,16.00,0.80,16.80,Cash,5.60
INV00215,2024-07-23,C0074,P007,S001,1,8.00,0.40,8.40,Cash,6.00
INV00216,2024-11-25,C0118,P001,S002,2,37.00,1.85,38.85,Upi,6.20
INV00217,2024-02-22,C0021,P008,S001,2,44.00,2.20,46.20,Upi,6.90
INV00218,2024-08-07,C0216,P007,S002,4,32.00,1.60,33.60,Card,6.50
INV00219,2024-12-15,C0056,P003,S003,1,9.50,0.48,9.98,Card,5.80
INV00220,2024-12-17,C0147,P002,S001,3,36.00,1.80,37.80,Upi,6.10
INV00221,2024-05-01,C0231,P001,S003,3,55.50,2.78,58.28,Card,9.50
INV00222,2024-05-25,C0110,P011,S002,2,50.00,2.50,52.50,Upi,8.50
INV00223,2024-07-28,C0219,P010,S001,1,5.00,0.25,5.25,Cash,7.80
INV00224,2024-02-06,C0071,P003,S001,2,19.00,0.95,19.95,Card,6.40
INV00225,2024-03-28,C0072,P011,S001,1,25.00,1.25,26.25,Card,8.70
INV00226,2024-08-11,C0144,P005,S001,1,6.50,0.33,6.83,Upi,9.80
INV00227,2024-10-08,C0061,P015,S001,2,70.00,3.50,73.50,Upi,6.80
INV00228,2024-08-07,C0067,P001,S002,4,74.00,3.70,77.70,Card,7.60
INV00229,2024-04-30,C0139,P015,S002,1,35.00,1.75,36.75,Upi,8.10
INV00230,2024-12-18,C0115,P002,S003,5,60.00,3.00,63.00,Card,10.00
INV00231,2024-05-15,C0129,P003,S001,2,19.00,0.95,19.95,Cash,9.90
INV00232,2024-12-29,C0021,P015,S002,1,35.00,1.75,36.75,Upi,7.20
INV00233,2024-05-11,C0131,P015,S002,2,70.00,3.50,73.50,Cash,5.60
INV00234,2024-03-09,C0038,P006,S003,1,14.00,0.70,14.70,Cash,7.20
INV00235,2024-10-14,C0135,P017,S002,1,20.00,1.00,21.00,Upi,7.50
INV00236,2024-03-11,C0015,P012,S002,2,36.00,1.80,37.80,Card,8.50
INV00237,2024-06-21,C0129,P013,S001,2,30.00,1.50,31.50,Upi,6.00
INV00238,2024-11-07,C0188,P011,S003,3,75.00,3.75,78.75,Upi,6.10
INV00239,2024-09-03,C0143,P004,S002,2,14.00,0.70,14.70,Upi,7.90
INV00240,2024-06-30,C0140,P012,S002,3,54.00,2.70,56.70,Cash,7.70
INV00241,2024-07-03,C0181,P005,S002,2,13.00,0.65,13.65,Upi,5.60
INV00242,2024-02-03,C0117,P009,S002,2,23.00,1.15,24.15,Upi,9.70
INV00243,2024-11-19,C0108,P010,S001,2,10.00,0.50,10.50,Card,7.20
INV00244,2024-02-09,C0062,P008,S003,5,110.00,5.50,115.50,Upi,9.30
INV00245,2024-02-08,C0100,P009,S002,1,11.50,0.58,12.08,Upi,7.00
INV00246,2024-08-20,C0227,P002,S003,1,12.00,0.60,12.60,Card,9.60
INV00247,2024-10-11,C0154,P007,S002,1,8.00,0.40,8.40,Card,9.40
INV00248,2024-01-17,C0211,P018,S002,2,64.00,3.20,67.20,Cash,7.20
INV00249,2024-11-13,C0010,P006,S001,2,28.00,1.40,29.40,Upi,8.90
INV00250,2024-08-26,C0136,P013,S003,1,15.00,0.75,15.75,Upi,7.70
INV00251,2024-08-11,C0096,P016,S001,2,18.00,0.90,18.90,Upi,6.00
INV00252,2024-12-15,C0116,P013,S001,2,30.00,1.50,31.50,Card,6.80
INV00253,2024-04-25,C0052,P013,S003,2,30.00,1.50,31.50,Card,6.40
INV00254,2024-12-07,C0031,P008,S001,3,66.00,3.30,69.30,Upi,6.90
INV00255,2024-07-03,C0202,P012,S001,5,90.00,4.50,94.50,Cash,7.60
INV00256,2024-03-26,C0171,P007,S003,2,16.00,0.80,16.80,Upi,7.70
INV00257,2024-04-09,C0139,P007,S001,3,24.00,1.20,25.20,Upi,7.00
INV00258,2024-06-02,C0049,P012,S002,1,18.00,0.90,18.90,Upi,7.20
INV00259,2024-05-25,C0205,P011,S003,4,100.00,5.00,105.00,Card,6.70
INV00260,2024-09-13,C0008,P012,S002,2,36.00,1.80,37.80,Upi,5.90
INV00261,2024-10-23,C0074,P013,S002,2,30.00,1.50,31.50,Cash,9.20
INV00262,2024-10-27,C0064,P011,S001,2,50.00,2.50,52.50,Cash,9.90
INV00263,2024-04-08,C0081,P007,S003,3,24.00,1.20,25.20,Upi,7.00
INV00264,2024-02-25,C0009,P006,S001,1,14.00,0.70,14.70,Upi,9.50
INV00265,2024-05-08,C0153,P018,S003,2,64.00,3.20,67.20,Upi,6.00
INV00266,2024-11-07,C0024,P003,S002,4,38.00,1.90,39.90,Card,6.30
INV00267,2024-04-16,C0023,P016,S002,3,27.00,1.35,28.35,Upi,8.40
INV00268,2024-12-21,C0236,P011,S001,2,50.00,2.50,52.50,Card,8.20
INV00269,2024-02-11,C0098,P009,S001,5,57.50,2.88,60.38,Card,7.20
INV00270,2024-08-22,C0082,P017,S003,1,20.00,1.00,21.00,Upi,6.20
INV00271,2024-01-22,C0002,P008,S001,3,66.00,3.30,69.30,Upi,5.80
INV00272,2024-05-14,C0130,P004,S002,4,28.00,1.40,29.40,Upi,5.60
INV00273,2024-04-15,C0017,P002,S003,1,12.00,0.60,12.60,Card,5.60
INV00274,2024-11-18,C0100,P015,S001,3,105.00,5.25,110.25,Card,9.10
INV00275,2024-10-29,C0162,P006,S003,5,70.00,3.50,73.50,Card,9.50
INV00276,2024-03-26,C0136,P005,S001,1,6.50,0.33,6.83,Cash,7.40
INV00277,2024-05-03,C0194,P011,S003,1,25.00,1.25,26.25,Card,9.30
INV00278,2024-02-27,C0013,P011,S001,1,25.00,1.25,26.25,Upi,9.70
INV00279,2024-10-10,C0003,P013,S001,1,15.00,0.75,15.75,Card,6.90
INV00280,2024-05-06,C0105,P007,S002,3,24.00,1.20,25.20,Upi,6.10
INV00281,2024-10-28,C0239,P006,S003,2,28.00,1.40,29.40,Card,5.70
INV00282,2024-11-30,C0047,P006,S001,1,14.00,0.70,14.70,Card,7.30
INV00283,2024-09-07,C0034,P005,S002,2,13.00,0.65,13.65,Upi,7.30
INV00284,2024-03-05,C0059,P001,S001,3,55.50,2.78,58.28,Card,6.80
INV00285,2024-04-21,C0115,P018,S001,2,64.00,3.20,67.20,Card,6.40
INV00286,2024-12-05,C0143,P006,S001,2,28.00,1.40,29.40,Card,8.80
INV00287,2024-11-06,C0067,P005,S001,2,13.00,0.65,13.65,Upi,7.60
INV00288,2024-10-21,C0070,P014,S002,2,24.00,1.20,25.20,Card,6.20
INV00289,2024-01-03,C0041,P011,S003,3,75.00,3.75,78.75,Upi,9.50
INV00290,2024-03-21,C0005,P011,S001,4,100.00,5.00,105.00,Card,5.80
INV00291,2024-06-27,C0103,P006,S002,2,28.00,1.40,29.40,Upi,8.60
INV00292,2024-02-27,C0028,P008,S002,1,22.00,1.10,23.10,Card,7.90
INV00293,2024-04-03,C0132,P017,S002,2,40.00,2.00,42.00,Upi,9.10
INV00294,2024-02-04,C0028,P015,S001,3,105.00,5.25,110.25,Cash,8.10
INV00295,2024-09-20,C0105,P008,S002,4,88.00,4.40,92.40,Cash,6.00
INV00296,2024-07-28,C0088,P017,S001,1,20.00,1.00,21.00,Cash,8.00
INV00297,2024-04-19,C0219,P002,S001,2,24.00,1.20,25.20,Cash,6.20
INV00298,2024-03-05,C0024,P018,S001,2,64.00,3.20,67.20,Upi,8.50
INV00299,2024-01-11,C0092,P016,S003,3,27.00,1.35,28.35,Card,8.80
INV00300,2024-01-09,C0191,P014,S003,1,12.00,0.60,12.60,Card,9.70
INV00301,2024-03-10,C0042,P007,S002,3,24.00,1.20,25.20,Cash,7.10
INV00302,2024-09-08,C0081,P002,S003,2,24.00,1.20,25.20,Upi,7.50
INV00303,2024-02-28,C0233,P017,S002,2,40.00,2.00,42.00,Card,6.90
INV00304,2024-02-25,C0103,P013,S003,1,15.00,0.75,15.75,Upi,9.00
INV00305,2024-08-02,C0085,P004,S001,2,14.00,0.70,14.70,Upi,9.90
INV00306,2024-05-31,C0109,P004,S002,1,7.00,0.35,7.35,Upi,6.30
INV00307,2024-11-10,C0034,P009,S001,1,11.50,0.58,12.08,Card,5.70
INV00308,2024-02-27,C0131,P010,S002,1,5.00,0.25,5.25,Card,9.80
INV00309,2024-09-07,C0012,P018,S002,2,64.00,3.20,67.20,Upi,8.40
INV00310,2024-11-30,C0232,P010,S003,3,15.00,0.75,15.75,Card,8.80
INV00311,2024-07-13,C0113,P001,S001,1,18.50,0.93,19.43,Card,6.70
INV00312,2024-03-02,C0005,P005,S003,2,13.00,0.65,13.65,Upi,6.10
INV00313,2024-05-13,C0079,P007,S002,2,16.00,0.80,16.80,Card,7.30
INV00314,2024-12-20,C0049,P010,S003,1,5.00,0.25,5.25,Cash,8.30
INV00315,2024-05-13,C0189,P005,S002,2,13.00,0.65,13.65,Cash,7.50
INV00316,2024-02-18,C0033,P007,S001,2,16.00,0.80,16.80,Cash,9.60
INV00317,2024-02-03,C0063,P001,S001,1,18.50,0.93,19.43,Card,6.70
INV00318,2024-01-28,C0037,P016,S002,2,18.00,0.90,18.90,Upi,9.30
INV00319,2024-03-21,C0034,P012,S003,3,54.00,2.70,56.70,Cash,5.90
INV00320,2024-06-16,C0022,P001,S003,3,55.50,2.78,58.28,Cash,8.00
INV00321,2024-08-23,C0122,P001,S002,1,18.50,0.93,19.43,Upi,6.80
INV00322,2024-03-15,C0127,P003,S002,1,9.50,0.48,9.98,Cash,6.20
INV00323,2024-01-01,C0113,P007,S001,2,16.00,0.80,16.80,Card,9.20
INV00324,2024-03-11,C0132,P014,S003,4,48.00,2.40,50.40,Card,6.20
INV00325,2024-09-11,C0031,P005,S001,3,19.50,0.98,20.48,Card,8.80
INV00326,2024-11-19,C0026,P017,S002,3,60.00,3.00,63.00,Card,7.50
INV00327,2024-01-20,C0119,P009,S002,2,23.00,1.15,24.15,Card,8.80
INV00328,2024-02-19,C0216,P017,S003,1,20.00,1.00,21.00,Cash,6.60
INV00329,2024-10-01,C0031,P016,S002,3,27.00,1.35,28.35,Upi,6.00
INV00330,2024-11-01,C0063,P004,S002,1,7.00,0.35,7.35,Upi,7.00
INV00331,2024-03-01,C0136,P002,S001,2,24.00,1.20,25.20,Card,7.00
INV00332,2024-08-05,C0045,P005,S002,1,6.50,0.33,6.83,Upi,6.80
INV00333,2024-04-06,C0128,P009,S003,1,11.50,0.58,12.08,Card,8.40
INV00334,2024-11-26,C0183,P017,S002,1,20.00,1.00,21.00,Upi,7.10
INV00335,2024-04-15,C0023,P016,S002,1,9.00,0.45,9.45,Upi,6.30
INV00336,2024-09-14,C0079,P008,S002,5,110.00,5.50,115.50,Card,7.70
INV00337,2024-05-24,C0215,P014,S003,4,48.00,2.40,50.40,Card,8.00
INV00338,2024-08-31,C0072,P018,S002,4,128.00,6.40,134.40,Card,7.80
INV00339,2024-02-24,C0068,P002,S002,1,12.00,0.60,12.60,Card,6.30
INV00340,2024-03-24,C0150,P009,S002,1,11.50,0.58,12.08,Upi,6.10
INV00341,2024-10-20,C0070,P016,S001,2,18.00,0.90,18.90,Card,7.30
INV00342,2024-04-22,C0076,P013,S001,1,15.00,0.75,15.75,Upi,6.10
INV00343,2024-08-04,C0017,P017,S002,3,60.00,3.00,63.00,Upi,5.60
INV00344,2024-10-09,C0047,P010,S003,2,10.00,0.50,10.50,Card,9.40
INV00345,2024-05-09,C0122,P002,S001,2,24.00,1.20,25.20,Upi,6.60
INV00346,2024-06-16,C0040,P003,S002,2,19.00,0.95,19.95,Upi,6.20
INV00347,2024-01-16,C0111,P006,S003,4,56.00,2.80,58.80,Cash,9.80
INV00348,2024-05-31,C0065,P007,S003,1,8.00,0.40,8.40,Upi,8.10
INV00349,2024-07-11,C0022,P009,S002,2,23.00,1.15,24.15,Card,5.90
INV00350,2024-06-16,C0159,P009,S003,1,11.50,0.58,12.08,Cash,6.60
INV00351,2024-11-13,C0044,P018,S003,2,64.00,3.20,67.20,Card,9.30
INV00352,2024-09-30,C0097,P009,S001,1,11.50,0.58,12.08,Upi,7.80
INV00353,2024-06-27,C0202,P010,S003,3,15.00,0.75,15.75,Upi,7.00
INV00354,2024-08-22,C0116,P016,S003,1,9.00,0.45,9.45,Cash,6.60
INV00355,2024-02-09,C0129,P003,S003,1,9.50,0.48,9.98,Card,7.10
INV00356,2024-10-19,C0102,P018,S003,2,64.00,3.20,67.20,Upi,6.10
INV00357,2024-06-16,C0029,P003,S002,2,19.00,0.95,19.95,Card,9.30
INV00358,2024-08-05,C0146,P002,S001,2,24.00,1.20,25.20,Card,9.00
INV00359,2024-02-12,C0016,P003,S001,3,28.50,1.43,29.93,Card,9.70
INV00360,2024-07-22,C0122,P008,S002,2,44.00,2.20,46.20,Upi,7.50
INV00361,2024-05-22,C0193,P015,S002,2,70.00,3.50,73.50,Card,6.50
INV00362,2024-04-01,C0136,P010,S002,1,5.00,0.25,5.25,Upi,6.20
INV00363,2024-07-01,C0027,P006,S002,4,56.00,2.80,58.80,Upi,8.00
INV00364,2024-07-29,C0100,P012,S003,1,18.00,0.90,18.90,Card,9.00
INV00365,2024-06-21,C0198,P001,S001,2,37.00,1.85,38.85,Upi,6.30
INV00366,2024-08-26,C0123,P009,S002,1,11.50,0.58,12.08,Upi,9.40
INV00367,2024-03-03,C0068,P008,S003,5,110.00,5.50,115.50,Cash,8.80
INV00368,2024-08-13,C0148,P009,S002,2,23.00,1.15,24.15,Card,6.70
INV00369,2024-04-22,C0115,P002,S002,3,36.00,1.80,37.80,Upi,6.60
INV00370,2024-07-11,C0118,P004,S001,1,7.00,0.35,7.35,Upi,5.50
INV00371,2024-04-27,C0050,P007,S001,3,24.00,1.20,25.20,Upi,9.30
INV00372,2024-07-17,C0045,P014,S001,2,24.00,1.20,25.20,Upi,9.10
INV00373,2024-09-05,C0021,P016,S002,1,9.00,0.45,9.45,Upi,9.70
INV00374,2024-06-25,C0103,P001,S003,1,18.50,0.93,19.43,Card,8.90
INV00375,2024-09-12,C0124,P014,S001,1,12.00,0.60,12.60,Card,8.90
INV00376,2024-02-28,C0002,P003,S002,3,28.50,1.43,29.93,Upi,8.70
INV00377,2024-03-14,C0164,P005,S003,4,26.00,1.30,27.30,Card,8.90
INV00378,2024-12-23,C0006,P018,S001,2,64.00,3.20,67.20,Upi,7.00
INV00379,2024-08-11,C0060,P006,S002,1,14.00,0.70,14.70,Upi,5.60
INV00380,2024-11-26,C0031,P003,S002,1,9.50,0.48,9.98,Card,6.50
INV00381,2024-11-11,C0033,P004,S002,1,7.00,0.35,7.35,Cash,5.90
INV00382,2024-06-21,C0240,P013,S002,1,15.00,0.75,15.75,Upi,5.70
INV00383,2024-09-03,C0148,P008,S002,1,22.00,1.10,23.10,Upi,7.00
INV00384,2024-01-19,C0064,P004,S003,1,7.00,0.35,7.35,Upi,6.70
INV00385,2024-07-08,C0195,P018,S002,2,64.00,3.20,67.20,Card,6.70
INV00386,2024-10-30,C0100,P016,S001,3,27.00,1.35,28.35,Upi,8.40
INV00387,2024-01-01,C0142,P012,S003,2,36.00,1.80,37.80,Card,8.30
INV00388,2024-11-29,C0110,P002,S002,2,24.00,1.20,25.20,Upi,7.30
INV00389,2024-05-28,C0021,P008,S001,2,44.00,2.20,46.20,Card,7.70
INV00390,2024-10-18,C0170,P005,S002,2,13.00,0.65,13.65,Upi,5.80
INV00391,2024-08-26,C0090,P007,S001,1,8.00,0.40,8.40,Upi,8.50
INV00392,2024-02-11,C0064,P012,S002,1,18.00,0.90,18.90,Card,5.70
INV00393,2024-01-27,C0066,P006,S002,1,14.00,0.70,14.70,Cash,6.90
INV00394,2024-05-20,C0052,P016,S001,1,9.00,0.45,9.45,Cash,8.70
INV00395,2024-08-11,C0099,P005,S001,1,6.50,0.33,6.83,Upi,5.60
INV00396,2024-04-21,C0083,P006,S002,5,70.00,3.50,73.50,Upi,8.60
INV00397,2024-04-26,C0113,P015,S003,1,35.00,1.75,36.75,Card,6.00
INV00398,2024-08-16,C0125,P012,S003,4,72.00,3.60,75.60,Cash,5.70
INV00399,2024-02-22,C0199,P010,S001,1,5.00,0.25,5.25,Upi,8.60
INV00400,2024-01-06,C0008,P016,S002,3,27.00,1.35,28.35,Cash,6.10
INV00401,2024-02-02,C0146,P008,S002,1,22.00,1.10,23.10,Cash,8.00
INV00402,2024-07-22,C0150,P008,S003,3,66.00,3.30,69.30,Cash,9.60
INV00403,2024-07-25,C0086,P003,S003,1,9.50,0.48,9.98,Card,5.70
INV00404,2024-03-13,C0021,P010,S001,2,10.00,0.50,10.50,Card,6.40
INV00405,2024-10-25,C0129,P018,S002,1,32.00,1.60,33.60,Card,6.10
INV00406,2024-01-26,C0052,P010,S003,3,15.00,0.75,15.75,Cash,5.80
INV00407,2024-10-13,C0137,P004,S003,2,14.00,0.70,14.70,Upi,7.00
INV00408,2024-12-07,C0007,P016,S002,1,9.00,0.45,9.45,Upi,5.50
INV00409,2024-03-16,C0065,P007,S001,2,16.00,0.80,16.80,Card,10.00
INV00410,2024-08-09,C0031,P007,S003,1,8.00,0.40,8.40,Cash,6.40
INV00411,2024-04-21,C0037,P013,S003,1,15.00,0.75,15.75,Cash,8.10
INV00412,2024-12-24,C0221,P003,S002,2,19.00,0.95,19.95,Card,6.50
INV00413,2024-12-14,C0086,P011,S002,3,75.00,3.75,78.75,Upi,5.80
INV00414,2024-11-05,C0045,P009,S002,4,46.00,2.30,48.30,Upi,9.90
INV00415,2024-05-04,C0109,P009,S001,1,11.50,0.58,12.08,Upi,8.40
INV00416,2024-09-19,C0007,P013,S001,1,15.00,0.75,15.75,Cash,7.80
INV00417,2024-12-06,C0022,P005,S002,5,32.50,1.62,34.12,Upi,7.80
INV00418,2024-07-24,C0122,P013,S002,3,45.00,2.25,47.25,Card,8.90
INV00419,2024-10-26,C0022,P003,S001,2,19.00,0.95,19.95,Upi,9.80
INV00420,2024-03-07,C0001,P002,S001,2,24.00,1.20,25.20,Card,6.50
INV00421,2024-01-17,C0106,P007,S002,1,8.00,0.40,8.40,Upi,6.80
INV00422,2024-10-03,C0039,P016,S002,1,9.00,0.45,9.45,Card,9.20
INV00423,2024-12-04,C0067,P003,S001,4,38.00,1.90,39.90,Card,5.60
INV00424,2024-04-03,C0137,P002,S002,3,36.00,1.80,37.80,Card,8.90
INV00425,2024-08-14,C0015,P009,S003,1,11.50,0.58,12.08,Upi,5.50
INV00426,2024-09-25,C0014,P013,S002,1,15.00,0.75,15.75,Upi,9.20
INV00427,2024-06-18,C0062,P015,S001,1,35.00,1.75,36.75,Card,8.80
INV00428,2024-07-07,C0001,P017,S003,3,60.00,3.00,63.00,Cash,10.00
INV00429,2024-06-20,C0035,P009,S002,2,23.00,1.15,24.15,Upi,8.50
INV00430,2024-06-28,C0122,P002,S003,4,48.00,2.40,50.40,Card,8.80
INV00431,2024-08-28,C0097,P010,S001,3,15.00,0.75,15.75,Upi,8.50
INV00432,2024-01-01,C0061,P005,S001,2,13.00,0.65,13.65,Card,9.40
INV00433,2024-12-24,C0084,P016,S002,2,18.00,0.90,18.90,Card,7.30
INV00434,2024-02-07,C0219,P004,S001,2,14.00,0.70,14.70,Card,8.10
INV00435,2024-02-18,C0079,P001,S002,1,18.50,0.93,19.43,Upi,9.60
INV00436,2024-09-19,C0097,P014,S001,1,12.00,0.60,12.60,Upi,6.80
INV00437,2024-09-22,C0122,P012,S002,3,54.00,2.70,56.70,Card,6.60
INV00438,2024-09-22,C0113,P014,S002,3,36.00,1.80,37.80,Cash,6.40
INV00439,2024-05-18,C0021,P008,S002,1,22.00,1.10,23.10,Upi,5.70
INV00440,2024-03-06,C0157,P006,S002,2,28.00,1.40,29.40,Card,8.90
INV00441,2024-01-30,C0175,P004,S001,2,14.00,0.70,14.70,Card,8.70
INV00442,2024-05-16,C0091,P010,S002,1,5.00,0.25,5.25,Cash,6.80
INV00443,2024-06-15,C0074,P002,S002,3,36.00,1.80,37.80,Upi,5.50
INV00444,2024-09-02,C0032,P015,S001,3,105.00,5.25,110.25,Card,6.00
INV00445,2024-01-27,C0148,P009,S001,2,23.00,1.15,24.15,Upi,6.30
INV00446,2024-08-12,C0218,P011,S001,1,25.00,1.25,26.25,Cash,9.10
INV00447,2024-09-27,C0104,P001,S002,1,18.50,0.93,19.43,Card,5.70
INV00448,2024-10-25,C0069,P006,S001,1,14.00,0.70,14.70,Upi,8.90
INV00449,2024-11-19,C0226,P014,S002,3,36.00,1.80,37.80,Cash,7.70
INV00450,2024-11-11,C0071,P004,S002,1,7.00,0.35,7.35,Upi,6.20
INV00451,2024-04-07,C0078,P011,S003,3,75.00,3.75,78.75,Cash,9.30
INV00452,2024-05-07,C0141,P009,S003,2,23.00,1.15,24.15,Card,7.50
INV00453,2024-10-30,C0208,P016,S001,1,9.00,0.45,9.45,Cash,8.70
INV00454,2024-05-14,C0148,P014,S002,1,12.00,0.60,12.60,Upi,8.40
INV00455,2024-02-16,C0021,P005,S002,5,32.50,1.62,34.12,Cash,6.40
INV00456,2024-08-08,C0181,P007,S002,1,8.00,0.40,8.40,Card,7.20
INV00457,2024-12-02,C0146,P017,S001,2,40.00,2.00,42.00,Upi,6.90
INV00458,2024-07-07,C0177,P001,S003,1,18.50,0.93,19.43,Upi,8.40
INV00459,2024-12-18,C0068,P011,S001,5,125.00,6.25,131.25,Upi,7.70
INV00460,2024-11-03,C0206,P002,S003,1,12.00,0.60,12.60,Cash,6.60
INV00461,2024-09-12,C0150,P007,S001,2,16.00,0.80,16.80,Card,7.10
INV00462,2024-07-03,C0094,P015,S001,3,105.00,5.25,110.25,Card,8.70
INV00463,2024-05-12,C0127,P015,S001,2,70.00,3.50,73.50,Cash,8.60
INV00464,2024-11-06,C0003,P017,S002,4,80.00,4.00,84.00,Card,9.20
INV00465,2024-06-13,C0133,P011,S003,2,50.00,2.50,52.50,Cash,6.60
INV00466,2024-02-10,C0066,P001,S002,1,18.50,0.93,19.43,Cash,7.70
INV00467,2024-07-07,C0066,P012,S002,2,36.00,1.80,37.80,Upi,8.80
INV00468,2024-12-11,C0136,P012,S003,5,90.00,4.50,94.50,Cash,8.30
INV00469,2024-11-22,C0040,P018,S003,2,64.00,3.20,67.20,Upi,6.90
INV00470,2024-01-09,C0229,P015,S003,2,70.00,3.50,73.50,Card,9.20
INV00471,2024-06-17,C0118,P003,S001,1,9.50,0.48,9.98,Card,9.00
INV00472,2024-04-15,C0154,P018,S003,3,96.00,4.80,100.80,Upi,5.70
INV00473,2024-03-07,C0061,P016,S001,3,27.00,1.35,28.35,Card,8.60
INV00474,2024-10-18,C0142,P010,S001,5,25.00,1.25,26.25,Card,6.50
INV00475,2024-06-13,C0088,P002,S003,1,12.00,0.60,12.60,Upi,9.90
INV00476,2024-10-07,C0143,P013,S002,1,15.00,0.75,15.75,Upi,7.90
INV00477,2024-06-19,C0026,P015,S001,3,105.00,5.25,110.25,Card,9.30
INV00478,2024-06-17,C0138,P006,S001,2,28.00,1.40,29.40,Upi,6.40
INV00479,2024-03-14,C0048,P008,S003,4,88.00,4.40,92.40,Cash,9.40
INV00480,2024-06-05,C0230,P018,S001,1,32.00,1.60,33.60,Card,8.70
INV00481,2024-04-19,C0061,P001,S001,1,18.50,0.93,19.43,Card,7.50
INV00482,2024-01-28,C0100,P004,S002,2,14.00,0.70,14.70,Upi,5.80
INV00483,2024-02-28,C0142,P007,S003,3,24.00,1.20,25.20,Upi,8.70
INV00484,2024-08-15,C0149,P004,S003,2,14.00,0.70,14.70,Cash,7.10
INV00485,2024-11-30,C0159,P017,S002,2,40.00,2.00,42.00,Cash,8.20
INV00486,2024-09-27,C0136,P004,S002,1,7.00,0.35,7.35,Card,9.10
INV00487,2024-10-15,C0013,P009,S003,1,11.50,0.58,12.08,Upi,5.70
INV00488,2024-07-01,C0012,P003,S001,1,9.50,0.48,9.98,Cash,5.80
INV00489,2024-08-13,C0132,P011,S001,2,50.00,2.50,52.50,Upi,9.30
INV00490,2024-07-09,C0081,P012,S002,3,54.00,2.70,56.70,Card,8.10
INV00491,2024-03-05,C0012,P018,S003,1,32.00,1.60,33.60,Card,5.90
INV00492,2024-07-15,C0125,P010,S001,1,5.00,0.25,5.25,Cash,9.50
INV00493,2024-02-22,C0022,P002,S003,2,24.00,1.20,25.20,Upi,6.30
INV00494,2024-08-10,C0029,P016,S003,1,9.00,0.45,9.45,Card,8.40
INV00495,2024-05-09,C0073,P005,S002,1,6.50,0.33,6.83,Cash,9.00
INV00496,2024-11-02,C0195,P004,S003,2,14.00,0.70,14.70,Card,6.80
INV00497,2024-09-24,C0229,P010,S001,1,5.00,0.25,5.25,Cash,8.00
INV00498,2024-04-23,C0085,P005,S002,2,13.00,0.65,13.65,Upi,6.00
INV00499,2024-10-30,C0076,P016,S002,3,27.00,1.35,28.35,Cash,6.30
INV00500,2024-08-13,C0175,P017,S002,1,20.00,1.00,21.00,Cash,5.90
INV00501,2024-01-25,C0116,P006,S001,3,42.00,2.10,44.10,Cash,6.90
INV00502,2024-11-24,C0121,P005,S003,1,6.50,0.33,6.83,Cash,5.70
INV00503,2024-06-23,C0024,P015,S001,5,175.00,8.75,183.75,Card,5.90
INV00504,2024-08-26,C0126,P008,S002,1,22.00,1.10,23.10,Upi,7.10
INV00505,2024-11-23,C0108,P008,S003,2,44.00,2.20,46.20,Card,6.40
INV00506,2024-01-08,C0017,P008,S001,2,44.00,2.20,46.20,Cash,6.00
INV00507,2024-08-06,C0135,P002,S002,1,12.00,0.60,12.60,Card,8.70
INV00508,2024-08-05,C0072,P017,S001,3,60.00,3.00,63.00,Upi,7.10
INV00509,2024-03-24,C0235,P015,S003,1,35.00,1.75,36.75,Card,7.20
INV00510,2024-05-27,C0130,P009,S003,2,23.00,1.15,24.15,Cash,6.70
INV00511,2024-10-10,C0099,P006,S002,2,28.00,1.40,29.40,Card,8.40
INV00512,2024-08-03,C0017,P010,S001,4,20.00,1.00,21.00,Upi,7.20
INV00513,2024-03-03,C0138,P012,S003,1,18.00,0.90,18.90,Upi,10.00
INV00514,2024-04-03,C0041,P003,S002,1,9.50,0.48,9.98,Upi,6.60
INV00515,2024-01-22,C0033,P015,S001,3,105.00,5.25,110.25,Card,6.50
INV00516,2024-01-20,C0148,P015,S001,2,70.00,3.50,73.50,Card,6.90
INV00517,2024-12-22,C0110,P006,S003,4,56.00,2.80,58.80,Card,8.40
INV00518,2024-06-04,C0134,P002,S001,3,36.00,1.80,37.80,Upi,7.90
INV00519,2024-02-20,C0182,P002,S002,2,24.00,1.20,25.20,Upi,8.10
INV00520,2024-10-16,C0022,P010,S003,1,5.00,0.25,5.25,Card,6.00
INV00521,2024-04-13,C0035,P005,S003,1,6.50,0.33,6.83,Card,9.40
INV00522,2024-06-15,C0093,P008,S001,2,44.00,2.20,46.20,Upi,8.00
INV00523,2024-10-31,C0043,P015,S001,2,70.00,3.50,73.50,Card,7.20
INV00524,2024-11-10,C0090,P007,S001,2,16.00,0.80,16.80,Upi,9.20
INV00525,2024-11-27,C0148,P017,S002,5,100.00,5.00,105.00,Card,8.20
INV00526,2024-03-24,C0091,P012,S002,4,72.00,3.60,75.60,Cash,6.80
INV00527,2024-06-04,C0135,P018,S002,1,32.00,1.60,33.60,Upi,8.30
INV00528,2024-03-01,C0004,P016,S001,1,9.00,0.45,9.45,Cash,7.70
INV00529,2024-11-30,C0005,P008,S002,1,22.00,1.10,23.10,Cash,7.60
INV00530,2024-01-16,C0022,P015,S003,1,35.00,1.75,36.75,Upi,6.40
INV00531,2024-08-16,C0006,P006,S002,3,42.00,2.10,44.10,Card,7.10
INV00532,2024-06-17,C0122,P007,S003,1,8.00,0.40,8.40,Card,9.60
INV00533,2024-12-15,C0145,P009,S002,1,11.50,0.58,12.08,Upi,7.90
INV00534,2024-06-02,C0088,P018,S003,1,32.00,1.60,33.60,Cash,8.90
INV00535,2024-05-27,C0048,P018,S001,4,128.00,6.40,134.40,Card,6.70
INV00536,2024-11-02,C0069,P017,S002,2,40.00,2.00,42.00,Cash,9.10
INV00537,2024-06-14,C0111,P007,S003,3,24.00,1.20,25.20,Upi,6.40
INV00538,2024-04-30,C0120,P004,S003,3,21.00,1.05,22.05,Card,5.70
INV00539,2024-03-14,C0021,P009,S002,4,46.00,2.30,48.30,Cash,6.90
INV00540,2024-01-11,C0049,P003,S002,3,28.50,1.43,29.93,Upi,7.00
INV00541,2024-02-07,C0132,P006,S003,2,28.00,1.40,29.40,Upi,7.40
INV00542,2024-06-13,C0224,P006,S001,2,28.00,1.40,29.40,Upi,7.60
INV00543,2024-11-11,C0040,P004,S003,1,7.00,0.35,7.35,Cash,9.90
INV00544,2024-08-09,C0131,P011,S003,2,50.00,2.50,52.50,Upi,6.60
INV00545,2024-06-11,C0016,P015,S002,1,35.00,1.75,36.75,Cash,6.90
INV00546,2024-12-18,C0095,P014,S003,3,36.00,1.80,37.80,Card,8.60
INV00547,2024-12-25,C0069,P015,S003,2,70.00,3.50,73.50,Card,6.80
INV00548,2024-02-20,C0107,P017,S003,3,60.00,3.00,63.00,Upi,8.30
INV00549,2024-07-08,C0157,P013,S002,1,15.00,0.75,15.75,Upi,6.70
INV00550,2024-02-20,C0022,P009,S001,4,46.00,2.30,48.30,Card,7.90
INV00551,2024-09-06,C0087,P009,S003,2,23.00,1.15,24.15,Cash,5.50
INV00552,2024-10-07,C0025,P015,S002,2,70.00,3.50,73.50,Upi,6.30
INV00553,2024-10-23,C0011,P009,S003,1,11.50,0.58,12.08,Upi,7.20
INV00554,2024-07-24,C0010,P004,S002,1,7.00,0.35,7.35,Card,5.50
INV00555,2024-03-13,C0063,P016,S001,2,18.00,0.90,18.90,Card,7.10
INV00556,2024-09-02,C0150,P003,S001,1,9.50,0.48,9.98,Upi,9.80
INV00557,2024-05-25,C0012,P017,S002,2,40.00,2.00,42.00,Card,8.10
INV00558,2024-12-31,C0025,P006,S003,2,28.00,1.40,29.40,Upi,7.70
INV00559,2024-07-15,C0005,P013,S003,4,60.00,3.00,63.00,Cash,8.40
INV00560,2024-10-20,C0041,P007,S002,1,8.00,0.40,8.40,Card,6.10
INV00561,2024-07-30,C0123,P009,S001,5,57.50,2.88,60.38,Cash,7.00
INV00562,2024-03-25,C0179,P004,S001,1,7.00,0.35,7.35,Card,9.00
INV00563,2024-02-24,C0048,P007,S002,1,8.00,0.40,8.40,Card,7.00
INV00564,2024-11-16,C0108,P017,S003,2,40.00,2.00,42.00,Upi,5.70
INV00565,2024-06-05,C0168,P011,S001,2,50.00,2.50,52.50,Card,5.70
INV00566,2024-08-14,C0239,P017,S003,4,80.00,4.00,84.00,Card,5.60
INV00567,2024-02-02,C0073,P018,S001,2,64.00,3.20,67.20,Card,7.50
INV00568,2024-03-22,C0031,P002,S003,4,48.00,2.40,50.40,Upi,9.10
INV00569,2024-06-20,C0222,P014,S003,2,24.00,1.20,25.20,Upi,9.90
INV00570,2024-01-23,C0131,P013,S002,1,15.00,0.75,15.75,Cash,9.20
INV00571,2024-01-12,C0017,P008,S003,3,66.00,3.30,69.30,Cash,9.90
INV00572,2024-08-23,C0125,P004,S002,1,7.00,0.35,7.35,Upi,8.90
INV00573,2024-08-31,C0074,P002,S002,2,24.00,1.20,25.20,Cash,7.90
INV00574,2024-07-11,C0016,P010,S003,2,10.00,0.50,10.50,Card,6.50
INV00575,2024-03-03,C0039,P006,S002,1,14.00,0.70,14.70,Cash,5.50
INV00576,2024-07-08,C0134,P015,S003,1,35.00,1.75,36.75,Cash,7.20
INV00577,2024-12-24,C0207,P017,S001,3,60.00,3.00,63.00,Card,5.70
INV00578,2024-02-02,C0068,P006,S001,1,14.00,0.70,14.70,Card,6.30
INV00579,2024-07-15,C0109,P012,S003,1,18.00,0.90,18.90,Cash,8.80
INV00580,2024-09-03,C0099,P014,S001,1,12.00,0.60,12.60,Upi,7.30
INV00581,2024-10-21,C0211,P012,S003,1,18.00,0.90,18.90,Upi,5.80
INV00582,2024-11-21,C0230,P018,S001,2,64.00,3.20,67.20,Card,8.90
INV00583,2024-07-08,C0048,P017,S002,5,100.00,5.00,105.00,Cash,7.20
INV00584,2024-04-14,C0109,P005,S001,2,13.00,0.65,13.65,Upi,6.50
INV00585,2024-06-23,C0047,P008,S001,1,22.00,1.10,23.10,Card,6.60
INV00586,2024-01-13,C0021,P010,S003,1,5.00,0.25,5.25,Cash,6.00
INV00587,2024-06-16,C0042,P008,S003,2,44.00,2.20,46.20,Cash,8.50
INV00588,2024-05-04,C0224,P012,S001,2,36.00,1.80,37.80,Upi,7.90
INV00589,2024-05-02,C0088,P003,S001,1,9.50,0.48,9.98,Cash,8.00
INV00590,2024-09-22,C0027,P004,S001,5,35.00,1.75,36.75,Cash,7.10
INV00591,2024-11-23,C0032,P013,S002,3,45.00,2.25,47.25,Cash,8.40
INV00592,2024-03-31,C0114,P001,S001,2,37.00,1.85,38.85,Cash,9.60
INV00593,2024-02-16,C0104,P009,S001,2,23.00,1.15,24.15,Upi,6.50
INV00594,2024-12-23,C0086,P011,S001,3,75.00,3.75,78.75,Card,9.40
INV00595,2024-12-24,C0091,P004,S003,2,14.00,0.70,14.70,Upi,5.80
INV00596,2024-05-06,C0228,P010,S003,2,10.00,0.50,10.50,Cash,9.80
INV00597,2024-10-04,C0128,P002,S001,1,12.00,0.60,12.60,Upi,8.70
INV00598,2024-02-09,C0113,P017,S003,3,60.00,3.00,63.00,Cash,8.30
INV00599,2024-07-19,C0128,P008,S001,5,110.00,5.50,115.50,Cash,7.80
INV00600,2024-02-23,C0059,P010,S002,3,15.00,0.75,15.75,Card,9.70
INV00601,2024-11-25,C0040,P006,S002,2,28.00,1.40,29.40,Card,5.60
INV00602,2024-01-23,C0141,P014,S001,3,36.00,1.80,37.80,Card,8.40
INV00603,2024-01-14,C0143,P002,S001,4,48.00,2.40,50.40,Upi,5.90
INV00604,2024-09-21,C0125,P013,S003,1,15.00,0.75,15.75,Cash,8.90
INV00605,2024-12-11,C0015,P006,S003,1,14.00,0.70,14.70,Card,8.00
INV00606,2024-08-16,C0113,P007,S002,4,32.00,1.60,33.60,Upi,9.50
INV00607,2024-05-28,C0011,P003,S002,1,9.50,0.48,9.98,Upi,9.80
INV00608,2024-03-22,C0049,P012,S001,3,54.00,2.70,56.70,Cash,6.00
INV00609,2024-12-10,C0190,P017,S003,3,60.00,3.00,63.00,Cash,5.70
INV00610,2024-07-17,C0027,P006,S003,1,14.00,0.70,14.70,Upi,9.40
INV00611,2024-08-02,C0011,P007,S002,2,16.00,0.80,16.80,Card,7.40
INV00612,2024-04-05,C0037,P017,S001,2,40.00,2.00,42.00,Cash,6.40
INV00613,2024-01-13,C0002,P018,S001,1,32.00,1.60,33.60,Cash,7.40
INV00614,2024-05-11,C0044,P018,S001,1,32.00,1.60,33.60,Card,7.30
INV00615,2024-08-30,C0089,P002,S001,1,12.00,0.60,12.60,Upi,8.90
INV00616,2024-09-13,C0061,P013,S002,3,45.00,2.25,47.25,Card,8.40
INV00617,2024-04-08,C0058,P006,S003,1,14.00,0.70,14.70,Cash,6.00
INV00618,2024-08-13,C0021,P002,S003,2,24.00,1.20,25.20,Card,8.50
INV00619,2024-11-13,C0071,P014,S001,2,24.00,1.20,25.20,Card,7.80
INV00620,2024-12-18,C0129,P005,S001,4,26.00,1.30,27.30,Card,8.30
INV00621,2024-07-06,C0053,P009,S002,3,34.50,1.73,36.23,Upi,5.50
INV00622,2024-06-28,C0049,P016,S002,1,9.00,0.45,9.45,Cash,6.50
INV00623,2024-08-07,C0056,P017,S002,3,60.00,3.00,63.00,Card,9.90
INV00624,2024-01-06,C0066,P017,S002,2,40.00,2.00,42.00,Upi,6.10
INV00625,2024-06-14,C0157,P004,S003,1,7.00,0.35,7.35,Cash,6.60
INV00626,2024-06-04,C0148,P008,S002,3,66.00,3.30,69.30,Cash,8.40
INV00627,2024-05-21,C0095,P004,S002,2,14.00,0.70,14.70,Upi,7.00
INV00628,2024-09-22,C0072,P011,S001,4,100.00,5.00,105.00,Upi,6.20
INV00629,2024-11-18,C0043,P004,S002,1,7.00,0.35,7.35,Upi,6.90
INV00630,2024-12-24,C0227,P010,S003,3,15.00,0.75,15.75,Card,5.70
INV00631,2024-01-11,C0140,P005,S002,3,19.50,0.98,20.48,Upi,7.90
INV00632,2024-06-16,C0094,P013,S002,1,15.00,0.75,15.75,Upi,9.90
INV00633,2024-12-06,C0068,P009,S001,3,34.50,1.73,36.23,Card,6.00
INV00634,2024-02-10,C0142,P016,S001,3,27.00,1.35,28.35,Card,9.90
INV00635,2024-08-10,C0070,P007,S002,2,16.00,0.80,16.80,Upi,5.60
INV00636,2024-07-22,C0167,P018,S001,1,32.00,1.60,33.60,Upi,5.80
INV00637,2024-06-21,C0086,P006,S002,3,42.00,2.10,44.10,Cash,8.40
INV00638,2024-06-22,C0098,P005,S003,1,6.50,0.33,6.83,Upi,7.80
INV00639,2024-10-19,C0020,P014,S002,3,36.00,1.80,37.80,Cash,6.70
INV00640,2024-12-08,C0166,P016,S003,1,9.00,0.45,9.45,Card,8.90
INV00641,2024-11-01,C0174,P002,S001,3,36.00,1.80,37.80,Cash,9.50
INV00642,2024-02-29,C0193,P002,S001,1,12.00,0.60,12.60,Cash,7.80
INV00643,2024-11-18,C0088,P015,S003,3,105.00,5.25,110.25,Upi,7.70
INV00644,2024-12-08,C0052,P011,S001,1,25.00,1.25,26.25,Upi,6.00
INV00645,2024-09-22,C0050,P009,S001,2,23.00,1.15,24.15,Upi,7.40
INV00646,2024-09-03,C0129,P004,S001,2,14.00,0.70,14.70,Cash,9.00
INV00647,2024-04-03,C0097,P013,S001,4,60.00,3.00,63.00,Upi,6.40
INV00648,2024-03-29,C0187,P004,S003,2,14.00,0.70,14.70,Cash,9.80
INV00649,2024-01-09,C0144,P016,S003,4,36.00,1.80,37.80,Cash,7.30
INV00650,2024-05-20,C0146,P003,S002,3,28.50,1.43,29.93,Cash,9.20
INV00651,2024-04-12,C0070,P002,S002,3,36.00,1.80,37.80,Card,6.80
INV00652,2024-05-20,C0142,P012,S001,3,54.00,2.70,56.70,Card,7.80
INV00653,2024-05-22,C0014,P009,S002,2,23.00,1.15,24.15,Cash,5.70
INV00654,2024-01-11,C0062,P004,S002,4,28.00,1.40,29.40,Upi,8.40
INV00655,2024-02-14,C0103,P011,S001,1,25.00,1.25,26.25,Cash,8.40
INV00656,2024-02-13,C0208,P011,S002,2,50.00,2.50,52.50,Upi,6.20
INV00657,2024-02-17,C0131,P013,S003,2,30.00,1.50,31.50,Card,9.80
INV00658,2024-04-08,C0227,P004,S003,1,7.00,0.35,7.35,Cash,5.60
INV00659,2024-01-13,C0015,P003,S002,1,9.50,0.48,9.98,Card,6.70
INV00660,2024-10-06,C0215,P004,S002,2,14.00,0.70,14.70,Cash,9.40
INV00661,2024-07-25,C0090,P013,S001,2,30.00,1.50,31.50,Upi,7.70
INV00662,2024-02-21,C0099,P016,S002,1,9.00,0.45,9.45,Upi,6.00
INV00663,2024-11-17,C0180,P003,S001,1,9.50,0.48,9.98,Upi,9.10
INV00664,2024-09-18,C0001,P005,S001,3,19.50,0.98,20.48,Cash,6.50
INV00665,2024-10-15,C0138,P002,S002,1,12.00,0.60,12.60,Cash,6.90
INV00666,2024-12-14,C0131,P001,S003,3,55.50,2.78,58.28,Upi,8.00
INV00667,2024-08-24,C0078,P014,S003,2,24.00,1.20,25.20,Card,8.50
INV00668,2024-11-11,C0023,P010,S002,4,20.00,1.00,21.00,Card,9.10
INV00669,2024-12-29,C0099,P013,S001,1,15.00,0.75,15.75,Card,9.90
INV00670,2024-01-08,C0112,P005,S001,3,19.50,0.98,20.48,Upi,8.70
INV00671,2024-11-29,C0062,P018,S003,1,32.00,1.60,33.60,Upi,9.30
INV00672,2024-11-06,C0034,P006,S003,1,14.00,0.70,14.70,Card,7.10
INV00673,2024-10-22,C0099,P015,S002,1,35.00,1.75,36.75,Upi,8.90
INV00674,2024-10-29,C0231,P005,S002,2,13.00,0.65,13.65,Upi,8.10
INV00675,2024-02-23,C0183,P005,S003,1,6.50,0.33,6.83,Upi,9.60
INV00676,2024-08-27,C0060,P010,S002,1,5.00,0.25,5.25,Card,7.10
INV00677,2024-05-31,C0144,P008,S002,2,44.00,2.20,46.20,Upi,7.80
INV00678,2024-08-22,C0108,P016,S003,2,18.00,0.90,18.90,Cash,10.00
INV00679,2024-11-18,C0081,P009,S001,3,34.50,1.73,36.23,Card,8.70
INV00680,2024-02-07,C0058,P018,S001,1,32.00,1.60,33.60,Card,8.90
INV00681,2024-10-17,C0028,P001,S001,3,55.50,2.78,58.28,Upi,7.30
INV00682,2024-12-09,C0124,P010,S002,3,15.00,0.75,15.75,Card,6.10
INV00683,2024-04-16,C0029,P004,S003,3,21.00,1.05,22.05,Upi,7.80
INV00684,2024-08-26,C0040,P015,S003,2,70.00,3.50,73.50,Upi,5.60
INV00685,2024-02-16,C0221,P003,S003,3,28.50,1.43,29.93,Upi,8.80
INV00686,2024-07-08,C0013,P001,S002,4,74.00,3.70,77.70,Upi,5.90
INV00687,2024-06-16,C0016,P008,S001,4,88.00,4.40,92.40,Upi,8.60
INV00688,2024-02-20,C0056,P004,S002,4,28.00,1.40,29.40,Card,7.90
INV00689,2024-12-12,C0002,P011,S002,5,125.00,6.25,131.25,Upi,6.90
INV00690,2024-08-26,C0109,P010,S003,1,5.00,0.25,5.25,Upi,7.50
INV00691,2024-02-06,C0115,P018,S002,1,32.00,1.60,33.60,Upi,8.60
INV00692,2024-01-28,C0040,P006,S002,3,42.00,2.10,44.10,Cash,6.50
INV00693,2024-12-12,C0130,P014,S002,1,12.00,0.60,12.60,Upi,7.20
INV00694,2024-08-23,C0037,P010,S002,2,10.00,0.50,10.50,Cash,9.60
INV00695,2024-06-02,C0064,P011,S003,1,25.00,1.25,26.25,Cash,9.20
INV00696,2024-02-24,C0143,P002,S002,2,24.00,1.20,25.20,Upi,9.30
INV00697,2024-10-16,C0090,P009,S001,1,11.50,0.58,12.08,Card,7.70
INV00698,2024-05-12,C0141,P012,S002,3,54.00,2.70,56.70,Cash,9.80
INV00699,2024-04-06,C0041,P004,S001,1,7.00,0.35,7.35,Card,9.40
INV00700,2024-03-09,C0109,P016,S003,2,18.00,0.90,18.90,Upi,7.40
INV00701,2024-04-09,C0042,P005,S002,2,13.00,0.65,13.65,Cash,9.00
INV00702,2024-12-22,C0228,P007,S001,2,16.00,0.80,16.80,Upi,9.90
INV00703,2024-03-14,C0037,P006,S003,2,28.00,1.40,29.40,Card,7.70
INV00704,2024-04-12,C0134,P016,S002,1,9.00,0.45,9.45,Upi,5.90
INV00705,2024-07-12,C0066,P007,S003,1,8.00,0.40,8.40,Card,8.80
INV00706,2024-10-31,C0106,P009,S002,2,23.00,1.15,24.15,Upi,9.40
INV00707,2024-10-20,C0127,P002,S003,2,24.00,1.20,25.20,Card,9.80
INV00708,2024-04-05,C0020,P011,S003,3,75.00,3.75,78.75,Card,6.70
INV00709,2024-10-11,C0202,P014,S003,2,24.00,1.20,25.20,Upi,7.70
INV00710,2024-08-05,C0066,P002,S002,1,12.00,0.60,12.60,Card,7.50
INV00711,2024-07-09,C0030,P005,S002,1,6.50,0.33,6.83,Card,9.00
INV00712,2024-07-19,C0140,P008,S002,3,66.00,3.30,69.30,Upi,8.60
INV00713,2024-11-08,C0085,P005,S003,1,6.50,0.33,6.83,Card,5.70
INV00714,2024-07-21,C0037,P008,S003,3,66.00,3.30,69.30,Cash,6.30
INV00715,2024-07-05,C0046,P005,S002,1,6.50,0.33,6.83,Card,7.60
INV00716,2024-02-15,C0093,P018,S003,3,96.00,4.80,100.80,Card,8.70
INV00717,2024-07-22,C0159,P017,S002,1,20.00,1.00,21.00,Cash,5.70
INV00718,2024-10-11,C0022,P003,S003,4,38.00,1.90,39.90,Card,8.80
INV00719,2024-07-08,C0058,P003,S002,1,9.50,0.48,9.98,Cash,8.80
INV00720,2024-01-05,C0201,P003,S001,1,9.50,0.48,9.98,Upi,9.00
INV00721,2024-04-29,C0052,P011,S003,1,25.00,1.25,26.25,Card,9.40
INV00722,2024-01-10,C0124,P014,S002,1,12.00,0.60,12.60,Cash,8.50
INV00723,2024-06-24,C0028,P003,S002,1,9.50,0.48,9.98,Upi,6.20
INV00724,2024-08-02,C0024,P016,S001,1,9.00,0.45,9.45,Upi,6.90
INV00725,2024-02-04,C0176,P011,S002,1,25.00,1.25,26.25,Card,6.20
INV00726,2024-10-08,C0208,P017,S002,3,60.00,3.00,63.00,Cash,6.60
INV00727,2024-10-26,C0053,P013,S002,2,30.00,1.50,31.50,Upi,6.00
INV00728,2024-11-16,C0135,P014,S003,1,12.00,0.60,12.60,Upi,9.20
INV00729,2024-12-09,C0005,P007,S002,3,24.00,1.20,25.20,Card,7.80
INV00730,2024-10-22,C0006,P001,S002,1,18.50,0.93,19.43,Card,5.60
INV00731,2024-03-09,C0135,P001,S001,4,74.00,3.70,77.70,Card,7.40
INV00732,2024-08-01,C0138,P001,S002,1,18.50,0.93,19.43,Upi,6.70
INV00733,2024-10-30,C0076,P013,S003,4,60.00,3.00,63.00,Upi,6.20
INV00734,2024-11-08,C0183,P012,S002,3,54.00,2.70,56.70,Upi,7.20
INV00735,2024-05-25,C0051,P012,S003,2,36.00,1.80,37.80,Upi,9.00
INV00736,2024-03-19,C0113,P017,S002,3,60.00,3.00,63.00,Card,9.80
INV00737,2024-07-31,C0137,P011,S002,2,50.00,2.50,52.50,Card,8.70
INV00738,2024-02-18,C0149,P018,S002,2,64.00,3.20,67.20,Card,6.20
INV00739,2024-10-06,C0008,P013,S003,1,15.00,0.75,15.75,Upi,8.10
INV00740,2024-09-09,C0127,P011,S003,4,100.00,5.00,105.00,Cash,7.90
INV00741,2024-04-16,C0036,P013,S002,4,60.00,3.00,63.00,Upi,10.00
INV00742,2024-05-12,C0015,P013,S002,2,30.00,1.50,31.50,Upi,7.90
INV00743,2024-03-05,C0080,P007,S002,2,16.00,0.80,16.80,Card,5.50
INV00744,2024-03-01,C0073,P016,S001,1,9.00,0.45,9.45,Cash,5.90
INV00745,2024-03-13,C0035,P008,S003,1,22.00,1.10,23.10,Upi,7.00
INV00746,2024-05-21,C0127,P007,S002,1,8.00,0.40,8.40,Card,6.80
INV00747,2024-05-06,C0004,P013,S001,2,30.00,1.50,31.50,Upi,6.60
INV00748,2024-05-31,C0128,P006,S001,1,14.00,0.70,14.70,Card,6.20
INV00749,2024-03-27,C0148,P007,S002,2,16.00,0.80,16.80,Card,6.00
INV00750,2024-09-17,C0144,P011,S003,1,25.00,1.25,26.25,Upi,9.80
INV00751,2024-08-22,C0150,P002,S003,2,24.00,1.20,25.20,Cash,7.70
INV00752,2024-10-27,C0126,P015,S002,3,105.00,5.25,110.25,Upi,7.20
INV00753,2024-05-22,C0107,P008,S002,1,22.00,1.10,23.10,Card,8.60
INV00754,2024-07-21,C0098,P016,S002,1,9.00,0.45,9.45,Upi,9.80
INV00755,2024-04-30,C0184,P012,S003,4,72.00,3.60,75.60,Upi,8.40
INV00756,2024-12-04,C0119,P005,S002,2,13.00,0.65,13.65,Upi,8.80
INV00757,2024-08-01,C0206,P001,S001,2,37.00,1.85,38.85,Upi,6.60
INV00758,2024-12-19,C0187,P017,S003,3,60.00,3.00,63.00,Upi,6.50
INV00759,2024-12-29,C0043,P003,S002,1,9.50,0.48,9.98,Card,6.00
INV00760,2024-06-14,C0098,P014,S001,2,24.00,1.20,25.20,Cash,7.70
INV00761,2024-06-01,C0150,P018,S003,2,64.00,3.20,67.20,Card,6.80
INV00762,2024-08-15,C0124,P008,S001,1,22.00,1.10,23.10,Cash,8.60
INV00763,2024-02-07,C0053,P017,S002,1,20.00,1.00,21.00,Card,6.90
INV00764,2024-03-24,C0089,P016,S001,1,9.00,0.45,9.45,Upi,8.70
INV00765,2024-07-13,C0140,P008,S003,5,110.00,5.50,115.50,Card,7.70
INV00766,2024-10-14,C0106,P015,S002,1,35.00,1.75,36.75,Upi,9.70
INV00767,2024-02-23,C0016,P018,S002,1,32.00,1.60,33.60,Cash,9.20
INV00768,2024-08-12,C0187,P018,S002,1,32.00,1.60,33.60,Cash,8.80
INV00769,2024-09-15,C0137,P014,S003,3,36.00,1.80,37.80,Upi,8.40
INV00770,2024-12-27,C0131,P003,S002,2,19.00,0.95,19.95,Card,6.40
INV00771,2024-04-26,C0136,P018,S003,2,64.00,3.20,67.20,Cash,7.80
INV00772,2024-12-24,C0020,P006,S003,4,56.00,2.80,58.80,Upi,8.50
INV00773,2024-04-03,C0064,P005,S002,2,13.00,0.65,13.65,Cash,6.10
INV00774,2024-05-26,C0096,P010,S001,2,10.00,0.50,10.50,Upi,6.10
INV00775,2024-07-11,C0041,P016,S001,2,18.00,0.90,18.90,Cash,8.10
INV00776,2024-06-27,C0108,P001,S001,2,37.00,1.85,38.85,Card,5.60
INV00777,2024-06-29,C0051,P005,S002,2,13.00,0.65,13.65,Card,9.30
INV00778,2024-09-26,C0052,P017,S002,3,60.00,3.00,63.00,Cash,8.30
INV00779,2024-10-02,C0086,P008,S003,4,88.00,4.40,92.40,Upi,7.20
INV00780,2024-12-16,C0093,P014,S003,4,48.00,2.40,50.40,Cash,6.20
INV00781,2024-01-04,C0011,P014,S002,2,24.00,1.20,25.20,Card,6.60
INV00782,2024-06-13,C0044,P003,S001,2,19.00,0.95,19.95,Cash,9.90
INV00783,2024-11-07,C0094,P018,S002,2,64.00,3.20,67.20,Card,8.50
INV00784,2024-11-16,C0052,P015,S001,2,70.00,3.50,73.50,Upi,9.30
INV00785,2024-02-07,C0096,P004,S001,3,21.00,1.05,22.05,Cash,5.70
INV00786,2024-03-19,C0077,P012,S001,2,36.00,1.80,37.80,Card,8.50
INV00787,2024-08-14,C0048,P018,S003,2,64.00,3.20,67.20,Upi,8.20
INV00788,2024-09-21,C0041,P016,S002,2,18.00,0.90,18.90,Upi,6.60
INV00789,2024-09-08,C0053,P018,S001,3,96.00,4.80,100.80,Cash,6.00
INV00790,2024-02-10,C0061,P013,S001,3,45.00,2.25,47.25,Upi,8.50
INV00791,2024-01-10,C0121,P008,S001,2,44.00,2.20,46.20,Card,6.30
INV00792,2024-08-12,C0061,P003,S001,2,19.00,0.95,19.95,Card,9.90
INV00793,2024-06-21,C0163,P008,S002,2,44.00,2.20,46.20,Upi,5.60
INV00794,2024-06-01,C0030,P011,S003,3,75.00,3.75,78.75,Card,8.60
INV00795,2024-10-05,C0092,P003,S003,2,19.00,0.95,19.95,Upi,7.90
INV00796,2024-10-12,C0142,P013,S001,2,30.00,1.50,31.50,Upi,6.00
INV00797,2024-11-19,C0039,P007,S002,3,24.00,1.20,25.20,Upi,8.00
INV00798,2024-10-04,C0110,P006,S003,3,42.00,2.10,44.10,Upi,6.60
INV00799,2024-12-01,C0221,P008,S003,2,44.00,2.20,46.20,Cash,7.40
INV00800,2024-09-19,C0026,P011,S001,1,25.00,1.25,26.25,Cash,9.70
INV00801,2024-06-03,C0060,P007,S001,4,32.00,1.60,33.60,Upi,6.00
INV00802,2024-12-29,C0104,P016,S002,4,36.00,1.80,37.80,Card,9.10
INV00803,2024-01-07,C0028,P016,S002,1,9.00,0.45,9.45,Upi,7.80
INV00804,2024-03-02,C0018,P001,S003,1,18.50,0.93,19.43,Card,7.70
INV00805,2024-02-16,C0127,P013,S002,1,15.00,0.75,15.75,Upi,5.80
INV00806,2024-08-23,C0152,P010,S002,1,5.00,0.25,5.25,Card,9.10
INV00807,2024-11-23,C0132,P012,S001,2,36.00,1.80,37.80,Cash,7.90
INV00808,2024-07-08,C0220,P002,S001,1,12.00,0.60,12.60,Upi,7.00
INV00809,2024-01-10,C0140,P006,S003,1,14.00,0.70,14.70,Card,7.50
INV00810,2024-02-29,C0065,P014,S003,2,24.00,1.20,25.20,Card,6.20
INV00811,2024-04-20,C0036,P010,S003,2,10.00,0.50,10.50,Card,6.40
INV00812,2024-05-22,C0050,P009,S003,4,46.00,2.30,48.30,Card,8.00
INV00813,2024-09-08,C0051,P006,S001,1,14.00,0.70,14.70,Upi,6.90
INV00814,2024-11-11,C0056,P005,S001,2,13.00,0.65,13.65,Cash,8.70
INV00815,2024-02-27,C0052,P003,S003,1,9.50,0.48,9.98,Cash,7.80
INV00816,2024-12-17,C0207,P006,S002,1,14.00,0.70,14.70,Upi,9.80
INV00817,2024-04-29,C0192,P012,S002,1,18.00,0.90,18.90,Cash,8.20
INV00818,2024-02-06,C0099,P012,S001,2,36.00,1.80,37.80,Cash,7.60
INV00819,2024-01-06,C0023,P015,S001,2,70.00,3.50,73.50,Upi,7.70
INV00820,2024-10-29,C0109,P016,S001,1,9.00,0.45,9.45,Upi,7.30
INV00821,2024-08-07,C0144,P018,S002,2,64.00,3.20,67.20,Upi,8.00
INV00822,2024-10-16,C0148,P002,S003,1,12.00,0.60,12.60,Upi,8.80
INV00823,2024-06-09,C0053,P015,S001,2,70.00,3.50,73.50,Cash,6.70
INV00824,2024-07-20,C0061,P016,S001,2,18.00,0.90,18.90,Card,8.90
INV00825,2024-10-20,C0030,P004,S001,5,35.00,1.75,36.75,Cash,6.10
INV00826,2024-05-28,C0056,P010,S003,5,25.00,1.25,26.25,Card,6.90
INV00827,2024-09-19,C0039,P006,S003,2,28.00,1.40,29.40,Card,8.50
INV00828,2024-08-03,C0155,P007,S001,1,8.00,0.40,8.40,Card,6.50
INV00829,2024-05-18,C0025,P002,S002,3,36.00,1.80,37.80,Card,6.00
INV00830,2024-12-30,C0096,P008,S001,2,44.00,2.20,46.20,Card,6.20
INV00831,2024-11-27,C0059,P002,S001,1,12.00,0.60,12.60,Cash,9.80
INV00832,2024-03-17,C0040,P014,S001,2,24.00,1.20,25.20,Card,8.80
INV00833,2024-07-24,C0007,P006,S001,1,14.00,0.70,14.70,Card,7.90
INV00834,2024-04-25,C0008,P003,S002,1,9.50,0.48,9.98,Upi,5.80
INV00835,2024-04-18,C0066,P010,S001,3,15.00,0.75,15.75,Card,8.10
INV00836,2024-09-20,C0045,P003,S002,2,19.00,0.95,19.95,Card,6.20
INV00837,2024-10-14,C0030,P018,S001,4,128.00,6.40,134.40,Upi,8.00
INV00838,2024-06-16,C0162,P012,S001,1,18.00,0.90,18.90,Upi,8.40
INV00839,2024-08-19,C0098,P002,S001,3,36.00,1.80,37.80,Upi,8.90
INV00840,2024-07-02,C0090,P017,S002,1,20.00,1.00,21.00,Upi,7.40
INV00841,2024-11-02,C0225,P005,S003,2,13.00,0.65,13.65,Card,9.30
INV00842,2024-01-11,C0140,P013,S003,1,15.00,0.75,15.75,Upi,8.80
INV00843,2024-06-29,C0164,P008,S003,1,22.00,1.10,23.10,Upi,9.20
INV00844,2024-06-26,C0125,P013,S003,3,45.00,2.25,47.25,Cash,9.60
INV00845,2024-10-17,C0109,P013,S003,3,45.00,2.25,47.25,Cash,7.70
INV00846,2024-08-03,C0127,P002,S003,2,24.00,1.20,25.20,Cash,5.80
INV00847,2024-01-09,C0222,P018,S002,3,96.00,4.80,100.80,Card,8.40
INV00848,2024-02-18,C0008,P017,S001,1,20.00,1.00,21.00,Card,7.50
INV00849,2024-04-23,C0108,P009,S002,1,11.50,0.58,12.08,Card,7.50
INV00850,2024-03-10,C0228,P004,S001,1,7.00,0.35,7.35,Upi,9.40
INV00851,2024-01-22,C0057,P015,S001,1,35.00,1.75,36.75,Card,5.70
INV00852,2024-05-31,C0059,P003,S002,1,9.50,0.48,9.98,Upi,9.50
INV00853,2024-04-26,C0012,P012,S001,2,36.00,1.80,37.80,Card,5.90
INV00854,2024-02-02,C0109,P017,S001,1,20.00,1.00,21.00,Cash,5.60
INV00855,2024-11-21,C0139,P015,S003,4,140.00,7.00,147.00,Upi,9.10
INV00856,2024-01-21,C0006,P001,S003,3,55.50,2.78,58.28,Upi,9.90
INV00857,2024-12-14,C0127,P006,S003,2,28.00,1.40,29.40,Card,7.30
INV00858,2024-01-30,C0122,P001,S001,1,18.50,0.93,19.43,Cash,9.10
INV00859,2024-06-02,C0009,P012,S001,2,36.00,1.80,37.80,Card,10.00
INV00860,2024-09-20,C0058,P013,S003,2,30.00,1.50,31.50,Cash,9.40
INV00861,2024-02-26,C0049,P011,S003,5,125.00,6.25,131.25,Card,6.30
INV00862,2024-07-31,C0098,P014,S001,1,12.00,0.60,12.60,Cash,6.50
INV00863,2024-12-06,C0004,P003,S002,1,9.50,0.48,9.98,Upi,8.80
INV00864,2024-11-04,C0065,P018,S003,4,128.00,6.40,134.40,Card,8.80
INV00865,2024-01-30,C0030,P004,S002,1,7.00,0.35,7.35,Upi,9.70
INV00866,2024-07-04,C0071,P002,S001,5,60.00,3.00,63.00,Cash,6.80
INV00867,2024-09-26,C0080,P011,S003,4,100.00,5.00,105.00,Upi,6.70
INV00868,2024-01-22,C0047,P007,S003,3,24.00,1.20,25.20,Upi,5.70
INV00869,2024-02-18,C0128,P017,S002,2,40.00,2.00,42.00,Upi,9.60
INV00870,2024-11-23,C0074,P015,S001,3,105.00,5.25,110.25,Upi,7.30
INV00871,2024-10-15,C0127,P007,S001,1,8.00,0.40,8.40,Upi,9.10
INV00872,2024-07-10,C0014,P017,S001,3,60.00,3.00,63.00,Card,9.20
INV00873,2024-07-23,C0015,P007,S001,2,16.00,0.80,16.80,Upi,9.90
INV00874,2024-03-20,C0138,P014,S002,3,36.00,1.80,37.80,Cash,6.70
INV00875,2024-07-04,C0029,P018,S003,1,32.00,1.60,33.60,Upi,5.90
INV00876,2024-08-12,C0125,P008,S001,2,44.00,2.20,46.20,Upi,9.70
INV00877,2024-02-06,C0103,P006,S001,3,42.00,2.10,44.10,Card,7.90
INV00878,2024-01-02,C0218,P010,S003,1,5.00,0.25,5.25,Upi,5.80
INV00879,2024-10-27,C0035,P018,S003,1,32.00,1.60,33.60,Cash,5.80
INV00880,2024-10-22,C0105,P018,S003,2,64.00,3.20,67.20,Upi,8.10
INV00881,2024-04-27,C0221,P017,S001,2,40.00,2.00,42.00,Upi,8.60
INV00882,2024-09-19,C0117,P002,S001,1,12.00,0.60,12.60,Card,7.20
INV00883,2024-02-21,C0072,P002,S003,2,24.00,1.20,25.20,Card,9.70
INV00884,2024-03-13,C0175,P017,S002,1,20.00,1.00,21.00,Cash,7.80
INV00885,2024-07-29,C0062,P010,S001,2,10.00,0.50,10.50,Cash,6.40
INV00886,2024-05-30,C0146,P010,S002,1,5.00,0.25,5.25,Upi,8.60
INV00887,2024-05-28,C0092,P011,S002,1,25.00,1.25,26.25,Cash,6.50
INV00888,2024-05-25,C0141,P001,S002,5,92.50,4.62,97.12,Cash,8.30
INV00889,2024-10-29,C0101,P015,S001,3,105.00,5.25,110.25,Upi,6.60
INV00890,2024-02-21,C0011,P006,S001,2,28.00,1.40,29.40,Upi,6.90
INV00891,2024-04-06,C0023,P004,S002,2,14.00,0.70,14.70,Cash,6.80
INV00892,2024-04-20,C0093,P004,S003,2,14.00,0.70,14.70,Upi,9.20
INV00893,2024-11-02,C0096,P005,S001,1,6.50,0.33,6.83,Cash,6.20
INV00894,2024-10-13,C0017,P010,S003,3,15.00,0.75,15.75,Upi,7.70
INV00895,2024-12-27,C0016,P010,S002,2,10.00,0.50,10.50,Cash,9.70
INV00896,2024-05-08,C0079,P011,S003,1,25.00,1.25,26.25,Card,8.60
INV00897,2024-04-13,C0111,P010,S001,3,15.00,0.75,15.75,Upi,7.30
INV00898,2024-02-22,C0111,P010,S002,4,20.00,1.00,21.00,Upi,6.60
INV00899,2024-06-20,C0070,P008,S001,2,44.00,2.20,46.20,Card,8.60
INV00900,2024-01-11,C0235,P010,S002,3,15.00,0.75,15.75,Cash,6.90
INV00901,2024-09-03,C0045,P006,S003,4,56.00,2.80,58.80,Upi,8.90
INV00902,2024-11-14,C0045,P007,S002,3,24.00,1.20,25.20,Upi,6.40
INV00903,2024-05-08,C0056,P016,S003,3,27.00,1.35,28.35,Cash,9.30
INV00904,2024-02-02,C0233,P003,S001,2,19.00,0.95,19.95,Cash,7.60
INV00905,2024-05-18,C0187,P002,S001,2,24.00,1.20,25.20,Upi,7.60
INV00906,2024-11-12,C0031,P001,S002,1,18.50,0.93,19.43,Cash,9.90
INV00907,2024-10-02,C0102,P012,S002,2,36.00,1.80,37.80,Upi,6.40
INV00908,2024-06-30,C0014,P004,S003,1,7.00,0.35,7.35,Card,9.70
INV00909,2024-07-10,C0193,P016,S002,1,9.00,0.45,9.45,Cash,8.10
INV00910,2024-08-19,C0194,P015,S003,2,70.00,3.50,73.50,Cash,7.00
INV00911,2024-03-16,C0119,P017,S002,2,40.00,2.00,42.00,Upi,7.40
INV00912,2024-02-06,C0240,P002,S001,3,36.00,1.80,37.80,Upi,7.50
INV00913,2024-10-25,C0101,P014,S003,1,12.00,0.60,12.60,Upi,7.80
INV00914,2024-01-06,C0029,P009,S001,1,11.50,0.58,12.08,Card,5.90
INV00915,2024-04-12,C0047,P002,S003,1,12.00,0.60,12.60,Upi,7.60
INV00916,2024-04-16,C0215,P013,S002,1,15.00,0.75,15.75,Cash,7.30
INV00917,2024-09-12,C0224,P013,S002,3,45.00,2.25,47.25,Cash,9.30
INV00918,2024-04-22,C0019,P014,S002,4,48.00,2.40,50.40,Cash,6.50
INV00919,2024-10-04,C0107,P014,S001,3,36.00,1.80,37.80,Upi,7.40
INV00920,2024-06-19,C0029,P009,S002,1,11.50,0.58,12.08,Cash,8.80
INV00921,2024-05-02,C0117,P012,S002,3,54.00,2.70,56.70,Card,6.50
INV00922,2024-11-10,C0148,P013,S001,1,15.00,0.75,15.75,Cash,8.10
INV00923,2024-10-09,C0096,P007,S002,2,16.00,0.80,16.80,Upi,6.00
INV00924,2024-10-15,C0092,P012,S001,5,90.00,4.50,94.50,Card,5.80
INV00925,2024-05-15,C0218,P015,S001,2,70.00,3.50,73.50,Card,6.70
INV00926,2024-01-19,C0089,P002,S001,3,36.00,1.80,37.80,Upi,7.30
INV00927,2024-12-31,C0100,P002,S001,1,12.00,0.60,12.60,Card,7.30
INV00928,2024-11-19,C0072,P001,S002,2,37.00,1.85,38.85,Cash,8.80
INV00929,2024-09-16,C0160,P018,S001,2,64.00,3.20,67.20,Card,10.00
INV00930,2024-05-25,C0038,P015,S002,2,70.00,3.50,73.50,Card,9.20
INV00931,2024-02-14,C0051,P014,S003,1,12.00,0.60,12.60,Card,7.10
INV00932,2024-09-14,C0128,P008,S001,3,66.00,3.30,69.30,Cash,8.50
INV00933,2024-09-01,C0082,P017,S002,1,20.00,1.00,21.00,Cash,9.50
INV00934,2024-05-11,C0132,P002,S001,1,12.00,0.60,12.60,Upi,9.50
INV00935,2024-09-05,C0097,P016,S003,1,9.00,0.45,9.45,Upi,6.70
INV00936,2024-11-14,C0102,P013,S001,2,30.00,1.50,31.50,Upi,7.50
INV00937,2024-10-14,C0129,P002,S001,1,12.00,0.60,12.60,Upi,5.70
INV00938,2024-02-18,C0015,P009,S002,1,11.50,0.58,12.08,Upi,9.80
INV00939,2024-11-14,C0008,P002,S003,1,12.00,0.60,12.60,Card,9.90
INV00940,2024-02-20,C0119,P010,S001,2,10.00,0.50,10.50,Upi,9.20
INV00941,2024-02-12,C0238,P011,S003,3,75.00,3.75,78.75,Upi,9.80
INV00942,2024-11-25,C0101,P012,S003,2,36.00,1.80,37.80,Card,7.30
INV00943,2024-12-28,C0052,P001,S002,2,37.00,1.85,38.85,Upi,9.00
INV00944,2024-08-10,C0222,P015,S003,1,35.00,1.75,36.75,Upi,6.90
INV00945,2024-06-29,C0067,P015,S001,2,70.00,3.50,73.50,Card,9.30
INV00946,2024-05-19,C0082,P011,S001,4,100.00,5.00,105.00,Card,6.70
INV00947,2024-04-06,C0003,P011,S002,2,50.00,2.50,52.50,Card,8.20
INV00948,2024-10-13,C0101,P015,S001,1,35.00,1.75,36.75,Upi,8.10
INV00949,2024-08-14,C0120,P018,S001,1,32.00,1.60,33.60,Cash,8.90
INV00950,2024-03-06,C0110,P011,S003,2,50.00,2.50,52.50,Upi,9.40
INV00951,2024-11-18,C0055,P001,S002,4,74.00,3.70,77.70,Upi,8.30
INV00952,2024-12-22,C0028,P010,S002,3,15.00,0.75,15.75,Card,7.50
INV00953,2024-04-08,C0001,P003,S002,3,28.50,1.43,29.93,Card,9.10
INV00954,2024-01-29,C0139,P010,S002,1,5.00,0.25,5.25,Card,9.10
INV00955,2024-04-17,C0082,P015,S002,1,35.00,1.75,36.75,Upi,6.60
INV00956,2024-12-20,C0006,P009,S002,4,46.00,2.30,48.30,Card,7.50
INV00957,2024-10-15,C0226,P015,S002,3,105.00,5.25,110.25,Upi,6.80
INV00958,2024-01-09,C0140,P018,S003,1,32.00,1.60,33.60,Cash,7.10
INV00959,2024-07-30,C0008,P011,S002,2,50.00,2.50,52.50,Cash,7.70
INV00960,2024-11-10,C0138,P017,S003,2,40.00,2.00,42.00,Card,6.10
INV00961,2024-02-01,C0162,P016,S002,2,18.00,0.90,18.90,Card,8.50
INV00962,2024-07-03,C0114,P013,S003,4,60.00,3.00,63.00,Upi,5.90
INV00963,2024-06-27,C0092,P016,S002,2,18.00,0.90,18.90,Upi,9.60
INV00964,2024-11-02,C0143,P004,S001,3,21.00,1.05,22.05,Card,8.80
INV00965,2024-03-19,C0052,P003,S001,2,19.00,0.95,19.95,Upi,7.00
INV00966,2024-10-19,C0051,P002,S001,2,24.00,1.20,25.20,Cash,7.20
INV00967,2024-11-12,C0101,P017,S003,3,60.00,3.00,63.00,Upi,10.00
INV00968,2024-02-05,C0047,P003,S002,1,9.50,0.48,9.98,Card,5.50
INV00969,2024-03-07,C0061,P014,S002,2,24.00,1.20,25.20,Card,6.00
INV00970,2024-04-14,C0010,P007,S003,1,8.00,0.40,8.40,Upi,8.90
INV00971,2024-01-01,C0100,P010,S002,5,25.00,1.25,26.25,Card,6.30
INV00972,2024-05-15,C0052,P013,S003,1,15.00,0.75,15.75,Card,9.40
INV00973,2024-10-02,C0095,P012,S002,1,18.00,0.90,18.90,Upi,8.70
INV00974,2024-05-06,C0120,P001,S001,2,37.00,1.85,38.85,Card,8.80
INV00975,2024-06-13,C0127,P016,S001,1,9.00,0.45,9.45,Card,6.00
INV00976,2024-10-02,C0016,P017,S003,1,20.00,1.00,21.00,Card,8.10
INV00977,2024-06-15,C0125,P006,S001,2,28.00,1.40,29.40,Upi,8.40
INV00978,2024-03-06,C0006,P003,S003,1,9.50,0.48,9.98,Upi,5.70
INV00979,2024-04-25,C0029,P005,S001,5,32.50,1.62,34.12,Upi,9.40
INV00980,2024-08-21,C0219,P016,S003,1,9.00,0.45,9.45,Upi,7.10
INV00981,2024-12-07,C0057,P009,S001,2,23.00,1.15,24.15,Upi,7.20
INV00982,2024-03-01,C0108,P003,S003,1,9.50,0.48,9.98,Upi,5.60
INV00983,2024-04-27,C0019,P001,S002,1,18.50,0.93,19.43,Upi,8.90
INV00984,2024-01-27,C0063,P002,S001,1,12.00,0.60,12.60,Upi,6.30
INV00985,2024-12-29,C0053,P017,S001,2,40.00,2.00,42.00,Upi,5.80
INV00986,2024-03-15,C0029,P007,S001,2,16.00,0.80,16.80,Card,9.80
INV00987,2024-06-27,C0215,P004,S003,3,21.00,1.05,22.05,Upi,7.70
INV00988,2024-09-27,C0091,P008,S001,2,44.00,2.20,46.20,Upi,8.40
INV00989,2024-11-05,C0079,P007,S002,1,8.00,0.40,8.40,Cash,6.10
INV00990,2024-12-19,C0073,P017,S003,1,20.00,1.00,21.00,Upi,9.70
INV00991,2024-06-12,C0228,P016,S001,1,9.00,0.45,9.45,Upi,9.10
INV00992,2024-10-25,C0076,P009,S002,1,11.50,0.58,12.08,Cash,7.50
INV00993,2024-07-05,C0019,P003,S003,4,38.00,1.90,39.90,Cash,7.90
INV00994,2024-09-05,C0132,P001,S003,4,74.00,3.70,77.70,Upi,9.40
INV00995,2024-11-04,C0203,P009,S003,3,34.50,1.73,36.23,Cash,9.70
INV00996,2024-03-15,C0079,P003,S002,1,9.50,0.48,9.98,Cash,8.20
INV00997,2024-09-14,C0220,P008,S001,1,22.00,1.10,23.10,Cash,8.60
INV00998,2024-10-06,C0081,P016,S003,4,36.00,1.80,37.80,Card,5.70
INV00999,2024-01-29,C0060,P015,S002,3,105.00,5.25,110.25,Upi,8.40
INV01000,2024-08-08,C0012,P013,S002,1,15.00,0.75,15.75,Upi,7.20
INV01001,2024-08-16,C0060,P016,S001,1,9.00,0.45,9.45,Card,8.20
INV01002,2024-12-17,C0080,P015,S001,1,35.00,1.75,36.75,Card,7.40
INV01003,2024-06-08,C0021,P018,S001,5,160.00,8.00,168.00,Upi,6.30
INV01004,2024-10-28,C0019,P001,S002,3,55.50,2.78,58.28,Card,7.60
INV01005,2024-10-19,C0085,P003,S002,1,9.50,0.48,9.98,Upi,6.50
INV01006,2024-07-16,C0058,P010,S003,2,10.00,0.50,10.50,Cash,7.70
INV01007,2024-03-30,C0063,P017,S001,1,20.00,1.00,21.00,Cash,9.70
INV01008,2024-01-15,C0083,P007,S001,4,32.00,1.60,33.60,Cash,9.20
INV01009,2024-09-18,C0097,P009,S001,1,11.50,0.58,12.08,Upi,5.70
INV01010,2024-08-20,C0068,P002,S001,1,12.00,0.60,12.60,Card,8.90
INV01011,2024-03-17,C0051,P001,S001,1,18.50,0.93,19.43,Card,9.20
INV01012,2024-10-30,C0077,P013,S003,3,45.00,2.25,47.25,Cash,9.60
INV01013,2024-12-22,C0111,P014,S001,4,48.00,2.40,50.40,Cash,7.70
INV01014,2024-04-04,C0212,P013,S003,5,75.00,3.75,78.75,Card,7.80
INV01015,2024-03-02,C0142,P006,S003,2,28.00,1.40,29.40,Card,7.80
INV01016,2024-02-20,C0088,P002,S003,2,24.00,1.20,25.20,Card,5.50
INV01017,2024-10-24,C0213,P015,S003,3,105.00,5.25,110.25,Cash,7.10
INV01018,2024-11-12,C0077,P007,S003,4,32.00,1.60,33.60,Card,8.70
INV01019,2024-01-14,C0015,P005,S002,1,6.50,0.33,6.83,Card,5.70
INV01020,2024-05-26,C0110,P004,S002,3,21.00,1.05,22.05,Card,8.30
INV01021,2024-06-13,C0009,P005,S002,2,13.00,0.65,13.65,Cash,5.60
INV01022,2024-01-06,C0006,P002,S003,1,12.00,0.60,12.60,Upi,6.40
INV01023,2024-04-23,C0023,P006,S003,1,14.00,0.70,14.70,Cash,6.10
INV01024,2024-08-09,C0001,P009,S001,2,23.00,1.15,24.15,Upi,6.80
INV01025,2024-04-10,C0089,P011,S001,1,25.00,1.25,26.25,Card,9.10
INV01026,2024-05-24,C0108,P011,S003,3,75.00,3.75,78.75,Upi,8.70
INV01027,2024-06-02,C0034,P011,S001,2,50.00,2.50,52.50,Card,9.60
INV01028,2024-10-06,C0008,P002,S001,2,24.00,1.20,25.20,Cash,9.80
INV01029,2024-12-19,C0108,P015,S001,1,35.00,1.75,36.75,Card,9.00
INV01030,2024-08-16,C0095,P018,S003,5,160.00,8.00,168.00,Card,8.30
INV01031,2024-08-12,C0062,P008,S003,3,66.00,3.30,69.30,Upi,8.00
INV01032,2024-01-13,C0081,P012,S001,3,54.00,2.70,56.70,Cash,9.30
INV01033,2024-10-03,C0013,P002,S002,1,12.00,0.60,12.60,Upi,7.90
INV01034,2024-02-21,C0147,P010,S003,1,5.00,0.25,5.25,Card,7.10
INV01035,2024-09-07,C0013,P016,S002,3,27.00,1.35,28.35,Card,6.10
INV01036,2024-05-04,C0012,P018,S002,1,32.00,1.60,33.60,Upi,8.30
INV01037,2024-03-06,C0123,P008,S002,1,22.00,1.10,23.10,Upi,7.40
INV01038,2024-02-13,C0003,P004,S002,1,7.00,0.35,7.35,Cash,8.20
INV01039,2024-05-03,C0036,P005,S002,2,13.00,0.65,13.65,Upi,7.80
INV01040,2024-01-18,C0082,P006,S003,2,28.00,1.40,29.40,Upi,9.40
INV01041,2024-06-25,C0138,P007,S001,4,32.00,1.60,33.60,Upi,8.40
INV01042,2024-03-11,C0066,P011,S003,3,75.00,3.75,78.75,Upi,5.70
INV01043,2024-11-27,C0016,P006,S003,2,28.00,1.40,29.40,Upi,9.10
INV01044,2024-04-17,C0048,P001,S003,3,55.50,2.78,58.28,Upi,5.70
INV01045,2024-12-09,C0017,P004,S003,2,14.00,0.70,14.70,Upi,6.10
INV01046,2024-12-16,C0095,P015,S003,4,140.00,7.00,147.00,Card,7.00
INV01047,2024-12-18,C0066,P003,S003,1,9.50,0.48,9.98,Cash,8.10
INV01048,2024-08-31,C0007,P005,S001,3,19.50,0.98,20.48,Upi,8.40
INV01049,2024-07-19,C0128,P013,S001,2,30.00,1.50,31.50,Upi,6.30
INV01050,2024-07-03,C0116,P017,S002,2,40.00,2.00,42.00,Cash,5.60
INV01051,2024-11-13,C0109,P002,S003,4,48.00,2.40,50.40,Upi,5.50
INV01052,2024-01-03,C0007,P005,S002,1,6.50,0.33,6.83,Cash,6.20
INV01053,2024-07-15,C0106,P017,S002,1,20.00,1.00,21.00,Card,7.10
INV01054,2024-01-18,C0200,P009,S001,2,23.00,1.15,24.15,Upi,9.90
INV01055,2024-05-05,C0093,P015,S001,2,70.00,3.50,73.50,Card,6.70
INV01056,2024-04-01,C0179,P011,S002,2,50.00,2.50,52.50,Card,8.10
INV01057,2024-06-15,C0145,P018,S003,4,128.00,6.40,134.40,Cash,6.30
INV01058,2024-03-31,C0100,P008,S002,1,22.00,1.10,23.10,Upi,6.90
INV01059,2024-10-29,C0173,P015,S003,1,35.00,1.75,36.75,Card,9.80
INV01060,2024-04-26,C0092,P017,S001,2,40.00,2.00,42.00,Upi,6.60
INV01061,2024-02-21,C0221,P018,S002,2,64.00,3.20,67.20,Cash,6.10
INV01062,2024-04-28,C0011,P015,S002,1,35.00,1.75,36.75,Card,6.00
INV01063,2024-02-07,C0190,P006,S002,1,14.00,0.70,14.70,Cash,9.40
INV01064,2024-08-28,C0069,P003,S001,1,9.50,0.48,9.98,Upi,9.00
INV01065,2024-10-12,C0034,P004,S001,3,21.00,1.05,22.05,Upi,5.60
INV01066,2024-10-07,C0128,P015,S003,4,140.00,7.00,147.00,Upi,8.70
INV01067,2024-04-20,C0106,P003,S002,3,28.50,1.43,29.93,Cash,5.60
INV01068,2024-10-23,C0008,P018,S001,2,64.00,3.20,67.20,Card,9.30
INV01069,2024-05-04,C0144,P010,S003,2,10.00,0.50,10.50,Upi,8.40
INV01070,2024-11-11,C0055,P001,S002,2,37.00,1.85,38.85,Upi,9.70
INV01071,2024-09-27,C0052,P005,S001,3,19.50,0.98,20.48,Upi,8.10
INV01072,2024-12-19,C0039,P016,S001,3,27.00,1.35,28.35,Cash,5.60
INV01073,2024-05-31,C0011,P017,S002,1,20.00,1.00,21.00,Upi,8.40
INV01074,2024-08-05,C0168,P013,S001,1,15.00,0.75,15.75,Cash,8.10
INV01075,2024-10-28,C0007,P013,S002,2,30.00,1.50,31.50,Card,7.80
INV01076,2024-01-13,C0052,P003,S001,1,9.50,0.48,9.98,Upi,6.30
INV01077,2024-11-25,C0106,P018,S002,1,32.00,1.60,33.60,Card,9.20
INV01078,2024-11-25,C0016,P002,S001,1,12.00,0.60,12.60,Card,9.80
INV01079,2024-10-05,C0018,P016,S002,2,18.00,0.90,18.90,Card,8.00
INV01080,2024-08-25,C0024,P012,S001,2,36.00,1.80,37.80,Card,6.50
INV01081,2024-03-09,C0004,P014,S001,2,24.00,1.20,25.20,Cash,8.20
INV01082,2024-03-24,C0074,P004,S002,4,28.00,1.40,29.40,Upi,5.80
INV01083,2024-08-20,C0092,P018,S001,5,160.00,8.00,168.00,Cash,6.30
INV01084,2024-11-18,C0121,P013,S003,3,45.00,2.25,47.25,Upi,5.80
INV01085,2024-01-01,C0116,P007,S003,3,24.00,1.20,25.20,Cash,6.30
INV01086,2024-01-27,C0134,P017,S002,3,60.00,3.00,63.00,Upi,6.60
INV01087,2024-09-20,C0081,P015,S003,2,70.00,3.50,73.50,Upi,6.10
INV01088,2024-05-06,C0065,P014,S001,3,36.00,1.80,37.80,Upi,9.70
INV01089,2024-12-08,C0144,P013,S003,1,15.00,0.75,15.75,Upi,7.60
INV01090,2024-11-05,C0169,P009,S002,3,34.50,1.73,36.23,Upi,7.10
INV01091,2024-10-29,C0072,P012,S001,3,54.00,2.70,56.70,Upi,8.80
INV01092,2024-03-07,C0060,P010,S001,1,5.00,0.25,5.25,Upi,9.40
INV01093,2024-03-27,C0028,P018,S003,1,32.00,1.60,33.60,Upi,8.40
INV01094,2024-04-10,C0045,P011,S003,1,25.00,1.25,26.25,Cash,7.90
INV01095,2024-04-27,C0004,P010,S001,1,5.00,0.25,5.25,Card,9.80
INV01096,2024-07-30,C0038,P001,S001,1,18.50,0.93,19.43,Upi,9.30
INV01097,2024-10-08,C0010,P002,S001,2,24.00,1.20,25.20,Card,6.30
INV01098,2024-09-26,C0010,P018,S003,2,64.00,3.20,67.20,Card,8.50
INV01099,2024-11-19,C0127,P006,S002,2,28.00,1.40,29.40,Upi,8.40
INV01100,2024-05-19,C0131,P013,S002,1,15.00,0.75,15.75,Upi,6.10
INV01101,2024-12-30,C0084,P005,S003,1,6.50,0.33,6.83,Upi,6.40
INV01102,2024-03-27,C0069,P015,S003,1,35.00,1.75,36.75,Cash,8.60
INV01103,2024-12-07,C0036,P018,S002,4,128.00,6.40,134.40,Card,5.50
INV01104,2024-04-25,C0171,P018,S003,1,32.00,1.60,33.60,Upi,6.30
INV01105,2024-11-30,C0095,P007,S003,1,8.00,0.40,8.40,Card,5.80
INV01106,2024-01-03,C0090,P014,S002,1,12.00,0.60,12.60,Upi,7.60
INV01107,2024-11-04,C0079,P018,S003,1,32.00,1.60,33.60,Cash,8.60
INV01108,2024-07-25,C0025,P013,S001,2,30.00,1.50,31.50,Upi,7.30
INV01109,2024-09-05,C0114,P003,S003,2,19.00,0.95,19.95,Upi,7.40
INV01110,2024-07-11,C0132,P012,S001,1,18.00,0.90,18.90,Cash,9.90
INV01111,2024-02-19,C0025,P008,S002,2,44.00,2.20,46.20,Cash,8.60
INV01112,2024-05-08,C0002,P016,S001,4,36.00,1.80,37.80,Card,7.60
INV01113,2024-05-28,C0003,P003,S003,3,28.50,1.43,29.93,Card,7.30
INV01114,2024-04-29,C0051,P004,S003,1,7.00,0.35,7.35,Upi,8.00
INV01115,2024-02-13,C0135,P014,S001,4,48.00,2.40,50.40,Cash,9.40
INV01116,2024-04-29,C0123,P018,S003,1,32.00,1.60,33.60,Cash,10.00
INV01117,2024-04-24,C0197,P002,S003,2,24.00,1.20,25.20,Upi,7.50
INV01118,2024-11-18,C0104,P005,S001,3,19.50,0.98,20.48,Card,5.80
INV01119,2024-02-24,C0133,P008,S002,1,22.00,1.10,23.10,Cash,9.30
INV01120,2024-02-13,C0099,P013,S003,1,15.00,0.75,15.75,Card,9.70
INV01121,2024-09-18,C0047,P018,S003,2,64.00,3.20,67.20,Upi,7.60
INV01122,2024-12-28,C0057,P016,S001,5,45.00,2.25,47.25,Cash,8.70
INV01123,2024-05-12,C0103,P005,S001,5,32.50,1.62,34.12,Cash,8.90
INV01124,2024-06-09,C0099,P002,S003,2,24.00,1.20,25.20,Card,6.10
INV01125,2024-10-17,C0073,P001,S003,2,37.00,1.85,38.85,Upi,7.70
INV01126,2024-06-30,C0116,P006,S001,1,14.00,0.70,14.70,Card,8.40
INV01127,2024-05-01,C0097,P006,S003,2,28.00,1.40,29.40,Upi,6.10
INV01128,2024-12-02,C0082,P001,S001,3,55.50,2.78,58.28,Card,9.20
INV01129,2024-02-02,C0075,P014,S001,3,36.00,1.80,37.80,Cash,9.30
INV01130,2024-03-15,C0103,P002,S002,4,48.00,2.40,50.40,Upi,7.80
INV01131,2024-03-01,C0089,P007,S001,2,16.00,0.80,16.80,Cash,5.70
INV01132,2024-12-17,C0128,P001,S003,4,74.00,3.70,77.70,Card,7.70
INV01133,2024-09-02,C0224,P008,S003,1,22.00,1.10,23.10,Cash,8.50
INV01134,2024-11-21,C0133,P007,S001,2,16.00,0.80,16.80,Upi,7.50
INV01135,2024-12-12,C0009,P009,S001,2,23.00,1.15,24.15,Upi,6.40
INV01136,2024-04-20,C0083,P018,S001,4,128.00,6.40,134.40,Cash,8.90
INV01137,2024-10-23,C0163,P004,S002,2,14.00,0.70,14.70,Cash,6.30
INV01138,2024-11-28,C0147,P005,S002,1,6.50,0.33,6.83,Upi,5.80
INV01139,2024-03-09,C0111,P008,S003,2,44.00,2.20,46.20,Upi,8.20
INV01140,2024-11-10,C0038,P014,S001,1,12.00,0.60,12.60,Card,7.00
INV01141,2024-05-22,C0120,P018,S001,2,64.00,3.20,67.20,Cash,8.60
INV01142,2024-09-02,C0104,P007,S001,1,8.00,0.40,8.40,Upi,9.70
INV01143,2024-08-31,C0010,P005,S001,5,32.50,1.62,34.12,Card,5.90
INV01144,2024-04-30,C0150,P013,S002,3,45.00,2.25,47.25,Upi,8.90
INV01145,2024-12-12,C0059,P001,S002,1,18.50,0.93,19.43,Card,9.30
INV01146,2024-04-20,C0137,P017,S003,3,60.00,3.00,63.00,Card,10.00
INV01147,2024-05-17,C0057,P001,S001,3,55.50,2.78,58.28,Upi,10.00
INV01148,2024-03-11,C0229,P001,S001,2,37.00,1.85,38.85,Upi,9.80
INV01149,2024-12-04,C0112,P003,S002,1,9.50,0.48,9.98,Upi,5.60
INV01150,2024-04-19,C0020,P002,S001,3,36.00,1.80,37.80,Cash,8.80
INV01151,2024-06-29,C0058,P007,S003,2,16.00,0.80,16.80,Card,9.20
INV01152,2024-08-19,C0069,P006,S001,3,42.00,2.10,44.10,Cash,8.90
INV01153,2024-03-02,C0081,P011,S001,1,25.00,1.25,26.25,Upi,6.80
INV01154,2024-04-17,C0132,P002,S003,2,24.00,1.20,25.20,Upi,8.80
INV01155,2024-09-21,C0006,P001,S003,2,37.00,1.85,38.85,Upi,5.50
INV01156,2024-08-11,C0063,P017,S001,1,20.00,1.00,21.00,Card,6.10
INV01157,2024-10-06,C0089,P001,S002,3,55.50,2.78,58.28,Cash,6.20
INV01158,2024-05-25,C0081,P014,S001,1,12.00,0.60,12.60,Cash,10.00
INV01159,2024-05-20,C0098,P010,S001,1,5.00,0.25,5.25,Upi,9.50
INV01160,2024-03-13,C0030,P006,S003,4,56.00,2.80,58.80,Upi,9.70
INV01161,2024-09-24,C0176,P014,S003,3,36.00,1.80,37.80,Card,9.70
INV01162,2024-12-14,C0131,P018,S002,2,64.00,3.20,67.20,Card,6.60
INV01163,2024-03-22,C0016,P011,S001,2,50.00,2.50,52.50,Upi,9.30
INV01164,2024-11-04,C0038,P016,S001,1,9.00,0.45,9.45,Card,9.00
INV01165,2024-03-04,C0034,P013,S003,1,15.00,0.75,15.75,Card,5.80
INV01166,2024-03-03,C0134,P013,S001,2,30.00,1.50,31.50,Upi,8.80
INV01167,2024-06-30,C0080,P005,S002,5,32.50,1.62,34.12,Upi,6.70
INV01168,2024-06-27,C0046,P017,S001,3,60.00,3.00,63.00,Upi,9.90
INV01169,2024-06-05,C0058,P006,S001,2,28.00,1.40,29.40,Upi,7.50
INV01170,2024-09-15,C0042,P006,S003,1,14.00,0.70,14.70,Upi,8.10
INV01171,2024-07-20,C0028,P001,S003,1,18.50,0.93,19.43,Upi,8.20
INV01172,2024-05-17,C0103,P002,S003,3,36.00,1.80,37.80,Cash,7.90
INV01173,2024-10-23,C0003,P002,S001,1,12.00,0.60,12.60,Upi,8.60
INV01174,2024-10-21,C0084,P018,S002,3,96.00,4.80,100.80,Cash,5.80
INV01175,2024-03-14,C0055,P007,S003,1,8.00,0.40,8.40,Card,6.40
INV01176,2024-12-27,C0072,P015,S002,2,70.00,3.50,73.50,Card,7.30
INV01177,2024-06-11,C0003,P001,S002,1,18.50,0.93,19.43,Card,6.10
INV01178,2024-11-10,C0122,P017,S003,3,60.00,3.00,63.00,Upi,8.80
INV01179,2024-05-15,C0067,P002,S002,2,24.00,1.20,25.20,Upi,8.70
INV01180,2024-03-13,C0123,P004,S002,1,7.00,0.35,7.35,Card,6.60
INV01181,2024-11-08,C0022,P009,S001,1,11.50,0.58,12.08,Card,5.80
INV01182,2024-09-05,C0129,P009,S003,1,11.50,0.58,12.08,Card,9.90
INV01183,2024-02-18,C0004,P004,S003,3,21.00,1.05,22.05,Card,7.00
INV01184,2024-10-19,C0131,P017,S002,1,20.00,1.00,21.00,Upi,8.80
INV01185,2024-06-12,C0050,P011,S003,3,75.00,3.75,78.75,Upi,9.50
INV01186,2024-12-17,C0030,P012,S001,1,18.00,0.90,18.90,Card,9.60
INV01187,2024-10-11,C0145,P018,S002,1,32.00,1.60,33.60,Upi,9.70
INV01188,2024-11-27,C0236,P008,S001,2,44.00,2.20,46.20,Cash,6.30
INV01189,2024-12-08,C0058,P005,S003,2,13.00,0.65,13.65,Upi,7.20
INV01190,2024-03-06,C0190,P003,S001,2,19.00,0.95,19.95,Upi,6.60
INV01191,2024-06-06,C0121,P006,S003,5,70.00,3.50,73.50,Cash,7.10
INV01192,2024-04-04,C0121,P010,S002,5,25.00,1.25,26.25,Card,6.10
INV01193,2024-11-12,C0004,P017,S002,1,20.00,1.00,21.00,Upi,8.10
INV01194,2024-07-24,C0065,P014,S002,2,24.00,1.20,25.20,Card,7.20
INV01195,2024-10-11,C0010,P003,S001,4,38.00,1.90,39.90,Upi,9.50
INV01196,2024-12-01,C0219,P015,S002,2,70.00,3.50,73.50,Upi,9.50
INV01197,2024-03-18,C0092,P015,S003,3,105.00,5.25,110.25,Cash,6.30
INV01198,2024-12-08,C0033,P005,S001,1,6.50,0.33,6.83,Card,7.60
INV01199,2024-04-22,C0035,P012,S002,2,36.00,1.80,37.80,Upi,9.60
INV01200,2024-10-07,C0093,P017,S003,4,80.00,4.00,84.00,Card,10.00
INV01201,2024-06-15,C0078,P014,S001,2,24.00,1.20,25.20,Card,6.40
INV01202,2024-09-09,C0196,P008,S002,1,22.00,1.10,23.10,Upi,6.10
INV01203,2024-01-15,C0049,P006,S001,1,14.00,0.70,14.70,Upi,7.00
INV01204,2024-04-27,C0008,P008,S002,4,88.00,4.40,92.40,Cash,9.20
INV01205,2024-03-10,C0120,P004,S002,5,35.00,1.75,36.75,Card,9.90
INV01206,2024-06-28,C0041,P006,S003,2,28.00,1.40,29.40,Upi,8.10
INV01207,2024-05-25,C0067,P013,S001,1,15.00,0.75,15.75,Upi,7.30
INV01208,2024-04-18,C0129,P013,S003,3,45.00,2.25,47.25,Upi,5.60
INV01209,2024-05-18,C0046,P004,S002,1,7.00,0.35,7.35,Upi,5.90
INV01210,2024-01-05,C0178,P015,S001,1,35.00,1.75,36.75,Card,9.10
INV01211,2024-08-17,C0141,P003,S002,1,9.50,0.48,9.98,Upi,7.90
INV01212,2024-03-01,C0006,P014,S001,3,36.00,1.80,37.80,Upi,7.60
INV01213,2024-06-05,C0059,P017,S002,2,40.00,2.00,42.00,Upi,6.40
INV01214,2024-01-16,C0108,P011,S002,5,125.00,6.25,131.25,Upi,7.30
INV01215,2024-05-14,C0125,P010,S002,1,5.00,0.25,5.25,Card,5.60
INV01216,2024-12-25,C0079,P004,S003,5,35.00,1.75,36.75,Cash,9.90
INV01217,2024-02-01,C0025,P009,S001,2,23.00,1.15,24.15,Card,8.60
INV01218,2024-07-13,C0150,P015,S001,1,35.00,1.75,36.75,Card,8.30
INV01219,2024-07-11,C0051,P007,S002,5,40.00,2.00,42.00,Upi,6.80
INV01220,2024-11-04,C0040,P016,S002,1,9.00,0.45,9.45,Card,8.60
INV01221,2024-04-17,C0021,P017,S003,2,40.00,2.00,42.00,Upi,7.10
INV01222,2024-03-25,C0143,P006,S002,1,14.00,0.70,14.70,Upi,8.50
INV01223,2024-09-28,C0134,P012,S002,1,18.00,0.90,18.90,Upi,8.50
INV01224,2024-06-27,C0081,P003,S002,1,9.50,0.48,9.98,Upi,6.10
INV01225,2024-03-24,C0005,P009,S003,1,11.50,0.58,12.08,Upi,8.90
INV01226,2024-06-27,C0015,P018,S003,2,64.00,3.20,67.20,Cash,9.60
INV01227,2024-04-13,C0138,P004,S002,2,14.00,0.70,14.70,Upi,6.70
INV01228,2024-08-19,C0028,P005,S003,1,6.50,0.33,6.83,Card,6.00
INV01229,2024-01-03,C0066,P003,S001,5,47.50,2.38,49.88,Cash,7.00
INV01230,2024-03-08,C0147,P002,S002,1,12.00,0.60,12.60,Cash,5.70
INV01231,2024-12-22,C0049,P016,S003,2,18.00,0.90,18.90,Cash,9.00
INV01232,2024-12-13,C0018,P006,S001,2,28.00,1.40,29.40,Card,8.90
INV01233,2024-03-12,C0230,P006,S002,2,28.00,1.40,29.40,Card,9.90
INV01234,2024-03-29,C0137,P013,S001,2,30.00,1.50,31.50,Card,5.70
INV01235,2024-03-15,C0057,P015,S001,1,35.00,1.75,36.75,Upi,8.10
INV01236,2024-07-25,C0016,P001,S002,2,37.00,1.85,38.85,Card,8.50
INV01237,2024-06-02,C0098,P013,S001,1,15.00,0.75,15.75,Cash,9.30
INV01238,2024-04-28,C0091,P018,S001,4,128.00,6.40,134.40,Upi,6.80
INV01239,2024-02-17,C0009,P010,S002,2,10.00,0.50,10.50,Card,5.90
INV01240,2024-10-11,C0106,P006,S003,1,14.00,0.70,14.70,Upi,8.90
INV01241,2024-01-15,C0091,P009,S002,1,11.50,0.58,12.08,Card,7.30
INV01242,2024-12-13,C0053,P012,S003,1,18.00,0.90,18.90,Card,6.00
INV01243,2024-03-25,C0009,P017,S003,3,60.00,3.00,63.00,Upi,8.40
INV01244,2024-02-26,C0040,P011,S002,1,25.00,1.25,26.25,Card,6.10
INV01245,2024-01-02,C0019,P014,S002,1,12.00,0.60,12.60,Upi,8.70
INV01246,2024-04-13,C0078,P015,S002,2,70.00,3.50,73.50,Cash,7.00
INV01247,2024-03-15,C0114,P009,S002,2,23.00,1.15,24.15,Upi,8.50
INV01248,2024-09-14,C0143,P015,S001,2,70.00,3.50,73.50,Card,6.50
INV01249,2024-04-26,C0222,P017,S003,1,20.00,1.00,21.00,Upi,6.50
INV01250,2024-08-03,C0060,P009,S002,4,46.00,2.30,48.30,Card,6.70
INV01251,2024-12-22,C0228,P007,S002,1,8.00,0.40,8.40,Upi,5.80
INV01252,2024-10-09,C0098,P005,S001,2,13.00,0.65,13.65,Upi,6.70
INV01253,2024-03-14,C0164,P003,S003,1,9.50,0.48,9.98,Card,7.90
INV01254,2024-12-15,C0210,P008,S003,1,22.00,1.10,23.10,Cash,9.80
INV01255,2024-03-06,C0040,P018,S002,3,96.00,4.80,100.80,Upi,8.90
INV01256,2024-06-30,C0021,P018,S003,1,32.00,1.60,33.60,Card,6.30
INV01257,2024-01-29,C0036,P009,S003,1,11.50,0.58,12.08,Upi,9.30
INV01258,2024-03-29,C0021,P001,S002,2,37.00,1.85,38.85,Card,6.20
INV01259,2024-01-14,C0081,P011,S002,2,50.00,2.50,52.50,Card,9.40
INV01260,2024-10-13,C0067,P009,S003,2,23.00,1.15,24.15,Card,6.90
INV01261,2024-05-14,C0063,P003,S003,1,9.50,0.48,9.98,Cash,7.90
INV01262,2024-10-04,C0086,P014,S003,2,24.00,1.20,25.20,Card,9.00
INV01263,2024-04-15,C0137,P016,S001,1,9.00,0.45,9.45,Upi,6.10
INV01264,2024-03-20,C0106,P004,S002,2,14.00,0.70,14.70,Card,9.10
INV01265,2024-01-10,C0066,P010,S003,2,10.00,0.50,10.50,Card,7.00
INV01266,2024-01-08,C0004,P009,S001,2,23.00,1.15,24.15,Upi,9.70
INV01267,2024-04-12,C0225,P013,S001,3,45.00,2.25,47.25,Cash,9.50
INV01268,2024-01-12,C0017,P009,S001,1,11.50,0.58,12.08,Upi,7.70
INV01269,2024-03-01,C0122,P006,S001,1,14.00,0.70,14.70,Cash,7.80
INV01270,2024-05-14,C0111,P014,S003,2,24.00,1.20,25.20,Card,6.70
INV01271,2024-09-29,C0090,P018,S001,2,64.00,3.20,67.20,Card,6.70
INV01272,2024-04-29,C0067,P017,S001,1,20.00,1.00,21.00,Upi,7.00
INV01273,2024-12-06,C0064,P009,S001,4,46.00,2.30,48.30,Upi,8.30
INV01274,2024-04-17,C0093,P012,S003,1,18.00,0.90,18.90,Upi,6.30
INV01275,2024-04-15,C0152,P005,S002,1,6.50,0.33,6.83,Upi,9.30
INV01276,2024-06-01,C0145,P007,S002,1,8.00,0.40,8.40,Card,9.50
INV01277,2024-02-11,C0128,P004,S002,3,21.00,1.05,22.05,Cash,6.00
INV01278,2024-01-08,C0090,P018,S001,2,64.00,3.20,67.20,Upi,8.10
INV01279,2024-10-26,C0024,P015,S001,1,35.00,1.75,36.75,Card,6.70
INV01280,2024-05-31,C0133,P012,S002,1,18.00,0.90,18.90,Cash,6.30
INV01281,2024-04-13,C0006,P012,S003,1,18.00,0.90,18.90,Card,8.70
INV01282,2024-03-12,C0106,P003,S003,3,28.50,1.43,29.93,Cash,8.30
INV01283,2024-08-28,C0096,P013,S001,1,15.00,0.75,15.75,Card,9.20
INV01284,2024-04-10,C0145,P011,S001,1,25.00,1.25,26.25,Card,5.90
INV01285,2024-10-28,C0034,P005,S001,2,13.00,0.65,13.65,Cash,8.20
INV01286,2024-06-21,C0037,P003,S001,4,38.00,1.90,39.90,Card,7.10
INV01287,2024-05-15,C0119,P005,S001,3,19.50,0.98,20.48,Card,8.80
INV01288,2024-04-23,C0082,P001,S003,1,18.50,0.93,19.43,Upi,9.80
INV01289,2024-10-17,C0097,P013,S001,1,15.00,0.75,15.75,Upi,7.10
INV01290,2024-11-02,C0102,P011,S001,4,100.00,5.00,105.00,Upi,6.30
INV01291,2024-02-22,C0058,P009,S003,1,11.50,0.58,12.08,Card,7.80
INV01292,2024-09-09,C0022,P003,S002,2,19.00,0.95,19.95,Card,7.70
INV01293,2024-03-07,C0135,P004,S003,1,7.00,0.35,7.35,Upi,6.80
INV01294,2024-08-13,C0079,P001,S002,2,37.00,1.85,38.85,Card,7.60
INV01295,2024-07-16,C0180,P007,S001,1,8.00,0.40,8.40,Upi,7.50
INV01296,2024-10-20,C0007,P011,S001,5,125.00,6.25,131.25,Card,9.10
INV01297,2024-06-19,C0143,P006,S002,1,14.00,0.70,14.70,Card,9.60
INV01298,2024-10-02,C0130,P014,S003,2,24.00,1.20,25.20,Card,8.80
INV01299,2024-02-02,C0128,P013,S001,2,30.00,1.50,31.50,Upi,7.60
INV01300,2024-01-09,C0124,P013,S003,1,15.00,0.75,15.75,Upi,6.90
INV01301,2024-12-12,C0180,P014,S001,3,36.00,1.80,37.80,Card,9.00
INV01302,2024-05-24,C0006,P016,S003,1,9.00,0.45,9.45,Cash,7.90
INV01303,2024-06-07,C0090,P012,S003,1,18.00,0.90,18.90,Upi,9.60
INV01304,2024-11-22,C0134,P003,S002,2,19.00,0.95,19.95,Cash,7.00
INV01305,2024-08-30,C0154,P001,S002,4,74.00,3.70,77.70,Upi,5.70
INV01306,2024-09-02,C0141,P011,S001,5,125.00,6.25,131.25,Cash,7.60
INV01307,2024-09-22,C0010,P003,S003,1,9.50,0.48,9.98,Upi,6.80
INV01308,2024-05-26,C0026,P009,S002,1,11.50,0.58,12.08,Upi,9.10
INV01309,2024-07-18,C0150,P007,S002,2,16.00,0.80,16.80,Upi,7.40
INV01310,2024-10-09,C0001,P003,S002,3,28.50,1.43,29.93,Card,6.40
INV01311,2024-11-13,C0048,P010,S001,2,10.00,0.50,10.50,Cash,5.90
INV01312,2024-08-24,C0061,P001,S003,4,74.00,3.70,77.70,Upi,9.00
INV01313,2024-09-25,C0109,P018,S003,1,32.00,1.60,33.60,Upi,6.40
INV01314,2024-01-22,C0051,P010,S001,1,5.00,0.25,5.25,Cash,7.50
INV01315,2024-01-12,C0044,P016,S001,2,18.00,0.90,18.90,Upi,9.40
INV01316,2024-12-17,C0067,P013,S002,2,30.00,1.50,31.50,Card,9.00
INV01317,2024-11-16,C0034,P015,S003,1,35.00,1.75,36.75,Card,9.60
INV01318,2024-02-11,C0009,P015,S002,3,105.00,5.25,110.25,Upi,7.80
INV01319,2024-11-07,C0097,P018,S002,1,32.00,1.60,33.60,Upi,8.70
INV01320,2024-08-12,C0132,P011,S002,1,25.00,1.25,26.25,Upi,8.90
INV01321,2024-01-25,C0134,P004,S002,2,14.00,0.70,14.70,Cash,7.00
INV01322,2024-05-17,C0096,P018,S001,1,32.00,1.60,33.60,Upi,8.40
INV01323,2024-07-25,C0193,P016,S002,2,18.00,0.90,18.90,Upi,6.60
INV01324,2024-08-06,C0010,P017,S002,3,60.00,3.00,63.00,Cash,9.00
INV01325,2024-10-12,C0240,P002,S001,1,12.00,0.60,12.60,Card,6.50
INV01326,2024-09-04,C0066,P017,S002,3,60.00,3.00,63.00,Upi,7.40
INV01327,2024-06-26,C0083,P004,S001,1,7.00,0.35,7.35,Upi,8.70
INV01328,2024-05-21,C0053,P012,S001,3,54.00,2.70,56.70,Card,9.20
INV01329,2024-06-16,C0041,P009,S003,1,11.50,0.58,12.08,Upi,6.70
INV01330,2024-07-24,C0186,P011,S003,2,50.00,2.50,52.50,Upi,8.90
INV01331,2024-01-11,C0016,P017,S003,2,40.00,2.00,42.00,Cash,8.90
INV01332,2024-04-29,C0116,P009,S001,2,23.00,1.15,24.15,Card,8.70
INV01333,2024-06-28,C0173,P009,S002,1,11.50,0.58,12.08,Cash,5.80
INV01334,2024-01-07,C0094,P016,S001,2,18.00,0.90,18.90,Upi,8.00
INV01335,2024-11-21,C0085,P002,S001,1,12.00,0.60,12.60,Upi,9.60
INV01336,2024-06-11,C0008,P012,S002,2,36.00,1.80,37.80,Upi,9.20
INV01337,2024-01-01,C0078,P011,S003,1,25.00,1.25,26.25,Card,6.80
INV01338,2024-08-22,C0194,P013,S002,1,15.00,0.75,15.75,Card,7.20
INV01339,2024-03-13,C0065,P004,S002,3,21.00,1.05,22.05,Card,8.10
INV01340,2024-02-01,C0225,P001,S002,2,37.00,1.85,38.85,Cash,7.80
INV01341,2024-03-03,C0140,P001,S001,1,18.50,0.93,19.43,Card,9.60
INV01342,2024-04-27,C0200,P001,S001,1,18.50,0.93,19.43,Upi,5.60
INV01343,2024-03-20,C0034,P014,S002,3,36.00,1.80,37.80,Card,8.20
INV01344,2024-09-16,C0115,P011,S001,5,125.00,6.25,131.25,Cash,8.30
INV01345,2024-08-08,C0115,P012,S003,1,18.00,0.90,18.90,Card,6.50
INV01346,2024-06-18,C0116,P015,S002,3,105.00,5.25,110.25,Cash,7.50
INV01347,2024-12-22,C0009,P008,S002,1,22.00,1.10,23.10,Upi,5.60
INV01348,2024-05-15,C0147,P006,S001,1,14.00,0.70,14.70,Cash,8.30
INV01349,2024-02-03,C0071,P007,S002,3,24.00,1.20,25.20,Upi,5.60
INV01350,2024-01-25,C0090,P016,S002,3,27.00,1.35,28.35,Upi,8.40
INV01351,2024-07-23,C0200,P010,S003,2,10.00,0.50,10.50,Cash,8.00
INV01352,2024-07-18,C0210,P018,S003,1,32.00,1.60,33.60,Card,7.60
INV01353,2024-10-03,C0006,P003,S001,3,28.50,1.43,29.93,Card,6.30
INV01354,2024-06-26,C0041,P006,S003,1,14.00,0.70,14.70,Upi,5.60
INV01355,2024-09-20,C0070,P018,S002,1,32.00,1.60,33.60,Cash,7.10
INV01356,2024-09-05,C0086,P011,S003,1,25.00,1.25,26.25,Card,9.30
INV01357,2024-09-12,C0239,P011,S001,1,25.00,1.25,26.25,Card,9.20
INV01358,2024-07-01,C0060,P003,S003,3,28.50,1.43,29.93,Card,7.20
INV01359,2024-08-17,C0074,P012,S003,2,36.00,1.80,37.80,Upi,9.90
INV01360,2024-01-08,C0030,P007,S002,2,16.00,0.80,16.80,Card,6.50
INV01361,2024-11-16,C0221,P018,S003,4,128.00,6.40,134.40,Upi,5.90
INV01362,2024-08-25,C0026,P010,S003,3,15.00,0.75,15.75,Card,6.20
INV01363,2024-09-05,C0151,P001,S001,3,55.50,2.78,58.28,Cash,9.70
INV01364,2024-10-10,C0032,P007,S002,1,8.00,0.40,8.40,Card,7.10
INV01365,2024-11-27,C0150,P012,S002,1,18.00,0.90,18.90,Upi,8.60
INV01366,2024-06-29,C0122,P011,S001,2,50.00,2.50,52.50,Upi,9.70
INV01367,2024-04-07,C0071,P007,S003,4,32.00,1.60,33.60,Card,7.90
INV01368,2024-08-05,C0202,P017,S002,2,40.00,2.00,42.00,Upi,8.00
INV01369,2024-02-12,C0145,P001,S001,1,18.50,0.93,19.43,Upi,8.80
INV01370,2024-08-29,C0107,P001,S002,4,74.00,3.70,77.70,Cash,7.20
INV01371,2024-11-20,C0099,P009,S001,1,11.50,0.58,12.08,Card,9.50
INV01372,2024-11-28,C0101,P007,S002,2,16.00,0.80,16.80,Cash,6.90
INV01373,2024-09-26,C0139,P014,S002,1,12.00,0.60,12.60,Cash,8.20
INV01374,2024-07-20,C0099,P006,S001,1,14.00,0.70,14.70,Upi,6.00
INV01375,2024-07-28,C0147,P008,S001,1,22.00,1.10,23.10,Upi,7.60
INV01376,2024-11-25,C0001,P009,S001,2,23.00,1.15,24.15,Cash,8.00
INV01377,2024-11-06,C0149,P010,S001,1,5.00,0.25,5.25,Card,9.80
INV01378,2024-12-09,C0104,P012,S001,2,36.00,1.80,37.80,Card,6.50
INV01379,2024-02-26,C0064,P007,S001,1,8.00,0.40,8.40,Card,9.00
INV01380,2024-11-15,C0108,P009,S001,4,46.00,2.30,48.30,Upi,9.00
INV01381,2024-04-04,C0024,P017,S001,4,80.00,4.00,84.00,Upi,9.70
INV01382,2024-07-03,C0068,P016,S003,3,27.00,1.35,28.35,Card,7.60
INV01383,2024-09-22,C0045,P003,S002,2,19.00,0.95,19.95,Cash,6.20
INV01384,2024-04-10,C0109,P009,S002,1,11.50,0.58,12.08,Cash,7.50
INV01385,2024-06-10,C0034,P009,S001,2,23.00,1.15,24.15,Cash,8.60
INV01386,2024-07-29,C0131,P010,S001,5,25.00,1.25,26.25,Card,8.80
INV01387,2024-11-07,C0098,P012,S003,1,18.00,0.90,18.90,Card,7.10
INV01388,2024-06-12,C0232,P008,S001,4,88.00,4.40,92.40,Card,8.60
INV01389,2024-04-03,C0066,P002,S001,1,12.00,0.60,12.60,Card,7.00
INV01390,2024-11-11,C0160,P010,S001,2,10.00,0.50,10.50,Upi,6.20
INV01391,2024-09-17,C0048,P013,S001,4,60.00,3.00,63.00,Upi,9.70
INV01392,2024-11-05,C0082,P007,S002,3,24.00,1.20,25.20,Upi,7.90
INV01393,2024-07-06,C0240,P007,S001,3,24.00,1.20,25.20,Card,7.50
INV01394,2024-03-28,C0129,P009,S002,5,57.50,2.88,60.38,Card,7.30
INV01395,2024-07-22,C0093,P008,S003,1,22.00,1.10,23.10,Cash,6.00
INV01396,2024-06-10,C0004,P009,S001,2,23.00,1.15,24.15,Card,9.10
INV01397,2024-12-27,C0040,P017,S001,2,40.00,2.00,42.00,Upi,9.70
INV01398,2024-06-05,C0013,P010,S003,2,10.00,0.50,10.50,Upi,5.90
INV01399,2024-04-10,C0028,P002,S003,2,24.00,1.20,25.20,Upi,7.70
INV01400,2024-08-09,C0010,P004,S002,3,21.00,1.05,22.05,Card,9.60
INV01401,2024-07-01,C0216,P011,S001,3,75.00,3.75,78.75,Upi,6.10
INV01402,2024-01-15,C0141,P016,S001,2,18.00,0.90,18.90,Cash,8.30
INV01403,2024-09-30,C0146,P015,S002,1,35.00,1.75,36.75,Card,9.30
INV01404,2024-04-20,C0022,P006,S001,3,42.00,2.10,44.10,Upi,6.60
INV01405,2024-03-13,C0095,P002,S002,2,24.00,1.20,25.20,Card,6.70
INV01406,2024-02-07,C0160,P001,S003,1,18.50,0.93,19.43,Upi,7.70
INV01407,2024-05-02,C0079,P014,S002,2,24.00,1.20,25.20,Upi,6.50
INV01408,2024-01-05,C0074,P008,S001,1,22.00,1.10,23.10,Card,7.60
INV01409,2024-11-12,C0207,P004,S003,1,7.00,0.35,7.35,Card,5.80
INV01410,2024-09-28,C0006,P006,S002,2,28.00,1.40,29.40,Card,5.50
INV01411,2024-11-27,C0237,P009,S003,2,23.00,1.15,24.15,Upi,5.90
INV01412,2024-10-07,C0009,P014,S002,2,24.00,1.20,25.20,Upi,9.20
INV01413,2024-08-27,C0145,P009,S003,1,11.50,0.58,12.08,Upi,6.70
INV01414,2024-08-23,C0130,P011,S002,2,50.00,2.50,52.50,Card,6.00
INV01415,2024-10-13,C0054,P018,S003,2,64.00,3.20,67.20,Card,9.00
INV01416,2024-07-14,C0117,P018,S003,1,32.00,1.60,33.60,Card,8.40
INV01417,2024-07-31,C0107,P006,S001,1,14.00,0.70,14.70,Cash,8.50
INV01418,2024-09-30,C0066,P001,S001,3,55.50,2.78,58.28,Upi,7.60
INV01419,2024-08-07,C0005,P005,S001,1,6.50,0.33,6.83,Upi,8.30
INV01420,2024-04-14,C0229,P009,S001,2,23.00,1.15,24.15,Cash,8.60
INV01421,2024-07-19,C0161,P007,S002,1,8.00,0.40,8.40,Cash,9.00
INV01422,2024-10-07,C0190,P006,S003,3,42.00,2.10,44.10,Cash,9.40
INV01423,2024-07-28,C0117,P009,S001,1,11.50,0.58,12.08,Cash,9.50
INV01424,2024-06-04,C0123,P003,S003,1,9.50,0.48,9.98,Card,6.40
INV01425,2024-10-13,C0084,P014,S001,2,24.00,1.20,25.20,Cash,8.30
INV01426,2024-05-05,C0010,P018,S002,1,32.00,1.60,33.60,Card,7.40
INV01427,2024-07-26,C0064,P016,S003,2,18.00,0.90,18.90,Cash,6.70
INV01428,2024-08-07,C0094,P007,S003,2,16.00,0.80,16.80,Cash,6.80
INV01429,2024-10-19,C0148,P008,S002,3,66.00,3.30,69.30,Upi,9.00
INV01430,2024-05-14,C0183,P014,S001,1,12.00,0.60,12.60,Card,9.90
INV01431,2024-02-01,C0076,P016,S003,2,18.00,0.90,18.90,Upi,6.00
INV01432,2024-08-11,C0042,P011,S002,1,25.00,1.25,26.25,Card,9.00
INV01433,2024-08-15,C0053,P011,S003,1,25.00,1.25,26.25,Card,7.70
INV01434,2024-05-10,C0080,P001,S001,1,18.50,0.93,19.43,Cash,8.80
INV01435,2024-07-28,C0158,P018,S002,4,128.00,6.40,134.40,Upi,6.60
INV01436,2024-08-08,C0108,P013,S003,3,45.00,2.25,47.25,Upi,9.00
INV01437,2024-09-21,C0038,P010,S002,2,10.00,0.50,10.50,Card,8.80
INV01438,2024-08-31,C0240,P007,S002,4,32.00,1.60,33.60,Upi,7.40
INV01439,2024-07-22,C0240,P001,S001,1,18.50,0.93,19.43,Card,8.20
INV01440,2024-02-18,C0074,P015,S003,1,35.00,1.75,36.75,Upi,9.70
INV01441,2024-08-15,C0019,P010,S001,2,10.00,0.50,10.50,Upi,6.40
INV01442,2024-05-10,C0046,P009,S001,2,23.00,1.15,24.15,Card,7.80
INV01443,2024-10-03,C0173,P012,S001,1,18.00,0.90,18.90,Upi,6.00
INV01444,2024-06-18,C0077,P017,S003,3,60.00,3.00,63.00,Cash,9.20
INV01445,2024-04-09,C0097,P015,S003,2,70.00,3.50,73.50,Card,6.50
INV01446,2024-11-13,C0033,P004,S002,2,14.00,0.70,14.70,Card,8.40
INV01447,2024-06-09,C0075,P013,S003,1,15.00,0.75,15.75,Upi,6.20
INV01448,2024-06-07,C0027,P004,S001,2,14.00,0.70,14.70,Card,6.40
INV01449,2024-02-23,C0003,P004,S003,2,14.00,0.70,14.70,Upi,8.10
INV01450,2024-06-06,C0192,P018,S003,2,64.00,3.20,67.20,Upi,6.30
INV01451,2024-11-21,C0118,P004,S002,1,7.00,0.35,7.35,Cash,9.00
INV01452,2024-02-12,C0240,P008,S002,1,22.00,1.10,23.10,Card,9.90
INV01453,2024-08-31,C0109,P014,S001,1,12.00,0.60,12.60,Upi,9.20
INV01454,2024-07-05,C0017,P012,S001,3,54.00,2.70,56.70,Card,9.10
INV01455,2024-12-11,C0073,P011,S001,4,100.00,5.00,105.00,Cash,7.50
INV01456,2024-10-23,C0015,P016,S003,3,27.00,1.35,28.35,Upi,6.70
INV01457,2024-10-20,C0038,P003,S002,2,19.00,0.95,19.95,Card,5.90
INV01458,2024-01-09,C0144,P001,S002,4,74.00,3.70,77.70,Card,6.70
INV01459,2024-09-09,C0054,P013,S002,1,15.00,0.75,15.75,Upi,7.70
INV01460,2024-03-24,C0191,P015,S003,2,70.00,3.50,73.50,Upi,9.20
INV01461,2024-05-06,C0217,P010,S003,2,10.00,0.50,10.50,Cash,5.90
INV01462,2024-03-18,C0022,P004,S002,2,14.00,0.70,14.70,Cash,6.80
INV01463,2024-09-01,C0038,P005,S003,1,6.50,0.33,6.83,Card,8.80
INV01464,2024-07-11,C0017,P002,S001,2,24.00,1.20,25.20,Upi,7.50
INV01465,2024-08-06,C0070,P004,S002,1,7.00,0.35,7.35,Card,6.70
INV01466,2024-05-18,C0076,P014,S001,1,12.00,0.60,12.60,Card,9.00
INV01467,2024-09-08,C0019,P005,S002,2,13.00,0.65,13.65,Upi,7.90
INV01468,2024-12-07,C0108,P015,S002,1,35.00,1.75,36.75,Cash,8.80
INV01469,2024-05-28,C0040,P001,S003,2,37.00,1.85,38.85,Cash,6.50
INV01470,2024-07-24,C0120,P012,S003,5,90.00,4.50,94.50,Card,8.20
INV01471,2024-10-15,C0122,P009,S003,1,11.50,0.58,12.08,Card,8.10
INV01472,2024-03-03,C0099,P012,S003,3,54.00,2.70,56.70,Upi,8.00
INV01473,2024-04-11,C0057,P005,S002,1,6.50,0.33,6.83,Upi,9.70
INV01474,2024-10-07,C0146,P012,S002,1,18.00,0.90,18.90,Card,6.90
INV01475,2024-01-28,C0028,P018,S002,1,32.00,1.60,33.60,Upi,9.30
INV01476,2024-04-28,C0123,P007,S002,1,8.00,0.40,8.40,Card,8.30
INV01477,2024-06-10,C0049,P003,S002,1,9.50,0.48,9.98,Upi,8.00
INV01478,2024-07-09,C0070,P004,S002,1,7.00,0.35,7.35,Card,9.30
INV01479,2024-08-29,C0003,P008,S001,1,22.00,1.10,23.10,Upi,7.40
INV01480,2024-07-04,C0031,P011,S003,1,25.00,1.25,26.25,Upi,9.40
INV01481,2024-05-18,C0022,P011,S002,1,25.00,1.25,26.25,Card,7.60
INV01482,2024-04-05,C0205,P006,S003,5,70.00,3.50,73.50,Upi,8.90
INV01483,2024-01-17,C0012,P003,S001,2,19.00,0.95,19.95,Upi,6.40
INV01484,2024-07-02,C0010,P004,S003,1,7.00,0.35,7.35,Cash,6.80
INV01485,2024-04-12,C0005,P003,S001,1,9.50,0.48,9.98,Card,9.00
INV01486,2024-09-02,C0053,P016,S002,1,9.00,0.45,9.45,Card,9.70
INV01487,2024-07-15,C0167,P002,S002,1,12.00,0.60,12.60,Card,5.60
INV01488,2024-07-29,C0048,P002,S002,1,12.00,0.60,12.60,Cash,7.90
INV01489,2024-11-24,C0071,P010,S003,4,20.00,1.00,21.00,Cash,9.50
INV01490,2024-04-21,C0006,P004,S001,3,21.00,1.05,22.05,Card,5.70
INV01491,2024-03-19,C0132,P002,S002,2,24.00,1.20,25.20,Upi,5.70
INV01492,2024-08-25,C0043,P006,S002,1,14.00,0.70,14.70,Card,9.20
INV01493,2024-09-30,C0206,P016,S002,2,18.00,0.90,18.90,Upi,8.90
INV01494,2024-11-21,C0061,P008,S001,1,22.00,1.10,23.10,Cash,8.40
INV01495,2024-06-08,C0063,P008,S001,1,22.00,1.10,23.10,Cash,6.40
INV01496,2024-11-28,C0031,P004,S003,2,14.00,0.70,14.70,Card,8.20
INV01497,2024-06-26,C0031,P003,S003,2,19.00,0.95,19.95,Card,8.10
INV01498,2024-01-21,C0026,P017,S002,4,80.00,4.00,84.00,Card,9.40
INV01499,2024-03-31,C0076,P005,S003,3,19.50,0.98,20.48,Cash,9.50
INV01500,2024-04-16,C0077,P001,S002,5,92.50,4.62,97.12,Upi,5.90
INV01501,2024-06-08,C0118,P003,S002,1,9.50,0.48,9.98,Card,8.70
INV01502,2024-10-10,C0124,P010,S001,1,5.00,0.25,5.25,Cash,6.00
INV01503,2024-10-20,C0116,P007,S002,1,8.00,0.40,8.40,Card,8.40
INV01504,2024-11-08,C0134,P018,S003,1,32.00,1.60,33.60,Cash,6.10
INV01505,2024-11-01,C0132,P013,S001,1,15.00,0.75,15.75,Cash,8.60
INV01506,2024-05-26,C0020,P008,S002,1,22.00,1.10,23.10,Card,6.40
INV01507,2024-12-15,C0041,P006,S003,1,14.00,0.70,14.70,Upi,7.60
INV01508,2024-09-14,C0081,P001,S003,1,18.50,0.93,19.43,Cash,7.40
INV01509,2024-01-04,C0139,P001,S003,2,37.00,1.85,38.85,Card,9.70
INV01510,2024-10-08,C0099,P008,S003,1,22.00,1.10,23.10,Upi,9.60
INV01511,2024-08-24,C0069,P012,S003,2,36.00,1.80,37.80,Cash,9.30
INV01512,2024-12-03,C0002,P002,S003,5,60.00,3.00,63.00,Upi,8.50
INV01513,2024-11-12,C0124,P006,S002,1,14.00,0.70,14.70,Card,7.90
INV01514,2024-11-06,C0104,P011,S002,1,25.00,1.25,26.25,Upi,9.90
INV01515,2024-09-23,C0135,P017,S003,2,40.00,2.00,42.00,Upi,6.20
INV01516,2024-07-05,C0136,P010,S002,1,5.00,0.25,5.25,Upi,6.30
INV01517,2024-08-22,C0050,P009,S002,2,23.00,1.15,24.15,Upi,6.90
INV01518,2024-08-26,C0149,P010,S003,3,15.00,0.75,15.75,Upi,6.40
INV01519,2024-11-02,C0133,P007,S002,3,24.00,1.20,25.20,Cash,8.40
INV01520,2024-12-29,C0182,P013,S002,2,30.00,1.50,31.50,Cash,8.90
INV01521,2024-10-23,C0150,P009,S002,1,11.50,0.58,12.08,Card,6.90
INV01522,2024-06-23,C0058,P016,S002,3,27.00,1.35,28.35,Cash,7.80
INV01523,2024-11-30,C0132,P003,S003,1,9.50,0.48,9.98,Upi,8.90
INV01524,2024-08-15,C0082,P002,S001,2,24.00,1.20,25.20,Cash,6.50
INV01525,2024-03-10,C0133,P004,S002,2,14.00,0.70,14.70,Upi,9.80
INV01526,2024-07-08,C0022,P009,S002,1,11.50,0.58,12.08,Upi,5.60
INV01527,2024-10-21,C0137,P012,S003,3,54.00,2.70,56.70,Cash,8.70
INV01528,2024-11-30,C0013,P016,S001,3,27.00,1.35,28.35,Card,9.20
INV01529,2024-07-18,C0118,P015,S003,1,35.00,1.75,36.75,Cash,7.00
INV01530,2024-09-29,C0030,P011,S002,1,25.00,1.25,26.25,Cash,9.30
INV01531,2024-01-27,C0038,P001,S001,2,37.00,1.85,38.85,Upi,6.40
INV01532,2024-05-31,C0134,P018,S002,1,32.00,1.60,33.60,Upi,7.90
INV01533,2024-11-17,C0061,P013,S001,2,30.00,1.50,31.50,Upi,9.00
INV01534,2024-07-01,C0003,P003,S002,1,9.50,0.48,9.98,Cash,9.10
INV01535,2024-10-12,C0016,P010,S002,1,5.00,0.25,5.25,Upi,9.50
INV01536,2024-02-17,C0039,P006,S001,1,14.00,0.70,14.70,Upi,8.00
INV01537,2024-05-04,C0059,P007,S002,2,16.00,0.80,16.80,Card,9.40
INV01538,2024-03-08,C0027,P018,S001,5,160.00,8.00,168.00,Upi,9.30
INV01539,2024-04-27,C0222,P014,S001,3,36.00,1.80,37.80,Upi,6.20
INV01540,2024-05-18,C0040,P009,S001,3,34.50,1.73,36.23,Cash,7.30
INV01541,2024-10-01,C0078,P018,S001,4,128.00,6.40,134.40,Upi,6.50
INV01542,2024-04-25,C0047,P007,S002,1,8.00,0.40,8.40,Upi,5.60
INV01543,2024-10-30,C0014,P001,S002,1,18.50,0.93,19.43,Cash,9.10
INV01544,2024-10-31,C0120,P005,S002,2,13.00,0.65,13.65,Card,6.40
INV01545,2024-05-26,C0212,P015,S003,4,140.00,7.00,147.00,Upi,7.10
INV01546,2024-08-28,C0159,P006,S003,1,14.00,0.70,14.70,Upi,5.80
INV01547,2024-01-13,C0038,P008,S001,1,22.00,1.10,23.10,Card,7.40
INV01548,2024-10-14,C0123,P018,S001,3,96.00,4.80,100.80,Card,8.50
INV01549,2024-10-17,C0125,P006,S001,2,28.00,1.40,29.40,Upi,8.20
INV01550,2024-06-28,C0127,P018,S001,2,64.00,3.20,67.20,Cash,9.00
INV01551,2024-06-23,C0033,P009,S001,1,11.50,0.58,12.08,Cash,8.30
INV01552,2024-06-05,C0230,P006,S003,1,14.00,0.70,14.70,Cash,8.70
INV01553,2024-06-04,C0155,P008,S003,2,44.00,2.20,46.20,Upi,9.60
INV01554,2024-03-05,C0138,P014,S003,1,12.00,0.60,12.60,Card,9.40
INV01555,2024-12-25,C0225,P011,S003,2,50.00,2.50,52.50,Upi,7.00
INV01556,2024-12-16,C0124,P012,S002,1,18.00,0.90,18.90,Upi,9.60
INV01557,2024-12-26,C0035,P008,S001,2,44.00,2.20,46.20,Upi,7.50
INV01558,2024-02-14,C0135,P009,S002,4,46.00,2.30,48.30,Card,8.70
INV01559,2024-05-12,C0012,P005,S003,1,6.50,0.33,6.83,Upi,8.30
INV01560,2024-05-22,C0021,P013,S002,3,45.00,2.25,47.25,Upi,8.10
INV01561,2024-10-11,C0157,P009,S002,1,11.50,0.58,12.08,Upi,8.70
INV01562,2024-12-20,C0124,P003,S003,2,19.00,0.95,19.95,Card,5.70
INV01563,2024-06-29,C0003,P016,S002,3,27.00,1.35,28.35,Card,7.80
INV01564,2024-08-08,C0238,P005,S001,1,6.50,0.33,6.83,Card,7.90
INV01565,2024-01-13,C0060,P006,S001,4,56.00,2.80,58.80,Upi,9.80
INV01566,2024-06-19,C0124,P005,S002,1,6.50,0.33,6.83,Upi,7.30
INV01567,2024-09-23,C0069,P006,S001,1,14.00,0.70,14.70,Card,9.00
INV01568,2024-09-18,C0033,P010,S003,3,15.00,0.75,15.75,Upi,5.60
INV01569,2024-02-07,C0016,P003,S002,3,28.50,1.43,29.93,Card,9.80
INV01570,2024-10-22,C0010,P015,S002,1,35.00,1.75,36.75,Cash,8.60
INV01571,2024-08-19,C0028,P013,S003,2,30.00,1.50,31.50,Cash,5.80
INV01572,2024-03-27,C0020,P001,S003,2,37.00,1.85,38.85,Card,7.10
INV01573,2024-12-21,C0156,P016,S002,3,27.00,1.35,28.35,Card,6.10
INV01574,2024-07-11,C0167,P001,S003,5,92.50,4.62,97.12,Card,5.50
INV01575,2024-11-08,C0041,P015,S002,1,35.00,1.75,36.75,Card,6.20
INV01576,2024-02-09,C0032,P009,S002,5,57.50,2.88,60.38,Card,6.70
INV01577,2024-11-02,C0223,P001,S003,3,55.50,2.78,58.28,Card,8.70
INV01578,2024-08-20,C0126,P009,S003,4,46.00,2.30,48.30,Upi,8.90
INV01579,2024-06-03,C0234,P001,S002,1,18.50,0.93,19.43,Cash,6.80
INV01580,2024-03-15,C0051,P006,S002,4,56.00,2.80,58.80,Card,7.80
INV01581,2024-12-06,C0054,P002,S003,2,24.00,1.20,25.20,Upi,5.80
INV01582,2024-11-15,C0071,P004,S002,2,14.00,0.70,14.70,Card,8.60
INV01583,2024-09-30,C0058,P009,S001,1,11.50,0.58,12.08,Card,9.50
INV01584,2024-02-11,C0149,P010,S002,1,5.00,0.25,5.25,Card,7.30
INV01585,2024-02-11,C0036,P018,S003,2,64.00,3.20,67.20,Upi,5.70
INV01586,2024-01-23,C0105,P011,S001,4,100.00,5.00,105.00,Upi,6.00
INV01587,2024-09-30,C0087,P018,S002,1,32.00,1.60,33.60,Card,6.30
INV01588,2024-12-24,C0009,P004,S001,3,21.00,1.05,22.05,Card,5.90
INV01589,2024-11-14,C0082,P010,S001,1,5.00,0.25,5.25,Cash,7.80
INV01590,2024-07-03,C0039,P001,S002,2,37.00,1.85,38.85,Upi,9.80
INV01591,2024-09-04,C0043,P018,S002,1,32.00,1.60,33.60,Cash,8.00
INV01592,2024-10-01,C0030,P007,S001,2,16.00,0.80,16.80,Cash,9.40
INV01593,2024-11-02,C0188,P005,S002,1,6.50,0.33,6.83,Card,6.90
INV01594,2024-02-11,C0026,P009,S002,3,34.50,1.73,36.23,Cash,10.00
INV01595,2024-06-24,C0101,P006,S003,1,14.00,0.70,14.70,Upi,9.30
INV01596,2024-02-03,C0122,P010,S003,2,10.00,0.50,10.50,Upi,7.20
INV01597,2024-05-21,C0187,P004,S002,2,14.00,0.70,14.70,Card,7.70
INV01598,2024-04-12,C0033,P012,S001,2,36.00,1.80,37.80,Cash,8.10
INV01599,2024-05-16,C0088,P007,S002,4,32.00,1.60,33.60,Card,8.30
INV01600,2024-05-19,C0026,P005,S002,2,13.00,0.65,13.65,Cash,7.10
INV01601,2024-11-11,C0022,P012,S002,3,54.00,2.70,56.70,Card,8.10
INV01602,2024-03-01,C0037,P008,S003,1,22.00,1.10,23.10,Cash,9.00
INV01603,2024-05-17,C0118,P009,S002,1,11.50,0.58,12.08,Cash,8.00
INV01604,2024-06-16,C0044,P011,S003,2,50.00,2.50,52.50,Cash,5.90
INV01605,2024-02-28,C0103,P005,S001,1,6.50,0.33,6.83,Cash,7.90
INV01606,2024-05-04,C0024,P014,S003,1,12.00,0.60,12.60,Upi,8.70
INV01607,2024-07-08,C0115,P018,S003,1,32.00,1.60,33.60,Card,7.40
INV01608,2024-07-22,C0033,P008,S003,3,66.00,3.30,69.30,Cash,5.90
INV01609,2024-11-21,C0133,P009,S002,1,11.50,0.58,12.08,Card,5.90
INV01610,2024-06-19,C0075,P013,S003,3,45.00,2.25,47.25,Card,6.50
INV01611,2024-09-26,C0231,P016,S001,3,27.00,1.35,28.35,Card,8.00
INV01612,2024-12-06,C0058,P004,S003,1,7.00,0.35,7.35,Upi,9.10
INV01613,2024-08-05,C0046,P018,S001,2,64.00,3.20,67.20,Cash,9.00
INV01614,2024-03-12,C0040,P007,S001,1,8.00,0.40,8.40,Cash,9.40
INV01615,2024-09-04,C0104,P007,S001,3,24.00,1.20,25.20,Card,8.80
INV01616,2024-11-14,C0108,P017,S001,1,20.00,1.00,21.00,Upi,6.80
INV01617,2024-03-08,C0139,P014,S001,2,24.00,1.20,25.20,Card,9.80
INV01618,2024-10-18,C0059,P002,S001,4,48.00,2.40,50.40,Upi,9.70
INV01619,2024-03-29,C0044,P018,S003,4,128.00,6.40,134.40,Card,9.00
INV01620,2024-06-24,C0118,P001,S003,3,55.50,2.78,58.28,Upi,8.90
INV01621,2024-07-28,C0112,P015,S003,2,70.00,3.50,73.50,Upi,7.60
INV01622,2024-05-17,C0039,P018,S002,5,160.00,8.00,168.00,Card,8.40
INV01623,2024-07-14,C0108,P004,S001,1,7.00,0.35,7.35,Card,8.60
INV01624,2024-12-20,C0036,P004,S003,1,7.00,0.35,7.35,Upi,10.00
INV01625,2024-11-19,C0202,P012,S001,2,36.00,1.80,37.80,Upi,7.80
INV01626,2024-11-15,C0141,P013,S001,2,30.00,1.50,31.50,Cash,8.10
INV01627,2024-01-10,C0032,P001,S002,1,18.50,0.93,19.43,Card,5.80
INV01628,2024-06-24,C0038,P013,S003,1,15.00,0.75,15.75,Cash,9.20
INV01629,2024-08-05,C0219,P012,S001,1,18.00,0.90,18.90,Cash,9.40
INV01630,2024-05-04,C0137,P002,S003,1,12.00,0.60,12.60,Card,8.10
INV01631,2024-11-26,C0111,P010,S003,1,5.00,0.25,5.25,Upi,8.70
INV01632,2024-11-17,C0089,P014,S002,1,12.00,0.60,12.60,Card,8.20
INV01633,2024-07-26,C0073,P011,S003,1,25.00,1.25,26.25,Upi,9.20
INV01634,2024-03-30,C0029,P010,S003,3,15.00,0.75,15.75,Upi,7.20
INV01635,2024-10-08,C0110,P009,S002,1,11.50,0.58,12.08,Upi,9.20
INV01636,2024-11-02,C0233,P014,S001,2,24.00,1.20,25.20,Cash,7.40
INV01637,2024-01-18,C0036,P017,S003,3,60.00,3.00,63.00,Card,6.10
INV01638,2024-03-23,C0130,P017,S003,5,100.00,5.00,105.00,Card,6.60
INV01639,2024-12-26,C0136,P014,S003,1,12.00,0.60,12.60,Upi,7.10
INV01640,2024-06-05,C0186,P013,S001,2,30.00,1.50,31.50,Cash,7.50
INV01641,2024-05-10,C0012,P002,S003,2,24.00,1.20,25.20,Card,9.80
INV01642,2024-01-03,C0065,P012,S001,1,18.00,0.90,18.90,Card,6.80
INV01643,2024-07-07,C0095,P005,S002,1,6.50,0.33,6.83,Card,9.80
INV01644,2024-03-12,C0025,P003,S002,1,9.50,0.48,9.98,Upi,7.20
INV01645,2024-11-25,C0190,P005,S002,2,13.00,0.65,13.65,Card,6.30
INV01646,2024-10-31,C0076,P004,S003,1,7.00,0.35,7.35,Card,8.00
INV01647,2024-09-27,C0033,P016,S003,1,9.00,0.45,9.45,Cash,7.50
INV01648,2024-12-21,C0139,P005,S003,1,6.50,0.33,6.83,Card,6.80
INV01649,2024-09-27,C0081,P013,S001,2,30.00,1.50,31.50,Card,9.00
INV01650,2024-09-18,C0062,P018,S003,2,64.00,3.20,67.20,Upi,9.40
INV01651,2024-05-30,C0029,P013,S003,1,15.00,0.75,15.75,Upi,8.70
INV01652,2024-10-12,C0020,P011,S002,2,50.00,2.50,52.50,Upi,8.40
INV01653,2024-06-16,C0049,P001,S003,2,37.00,1.85,38.85,Cash,7.90
INV01654,2024-10-30,C0189,P015,S002,2,70.00,3.50,73.50,Card,8.50
INV01655,2024-03-19,C0008,P014,S002,1,12.00,0.60,12.60,Upi,6.30
INV01656,2024-02-11,C0013,P007,S003,1,8.00,0.40,8.40,Upi,9.60
INV01657,2024-09-10,C0108,P014,S002,1,12.00,0.60,12.60,Card,5.60
INV01658,2024-03-01,C0054,P017,S002,1,20.00,1.00,21.00,Card,8.30
INV01659,2024-07-21,C0105,P002,S003,2,24.00,1.20,25.20,Cash,6.40
INV01660,2024-12-02,C0105,P014,S002,2,24.00,1.20,25.20,Cash,5.50
INV01661,2024-07-27,C0084,P004,S003,2,14.00,0.70,14.70,Cash,7.10
INV01662,2024-10-03,C0092,P003,S003,2,19.00,0.95,19.95,Card,7.70
INV01663,2024-01-16,C0041,P001,S002,2,37.00,1.85,38.85,Cash,6.30
INV01664,2024-02-04,C0109,P005,S002,1,6.50,0.33,6.83,Card,6.10
INV01665,2024-12-31,C0129,P017,S001,1,20.00,1.00,21.00,Upi,7.70
INV01666,2024-10-29,C0111,P002,S001,3,36.00,1.80,37.80,Cash,9.60
INV01667,2024-01-04,C0123,P014,S002,1,12.00,0.60,12.60,Card,8.80
INV01668,2024-12-03,C0194,P018,S003,3,96.00,4.80,100.80,Upi,7.60
INV01669,2024-08-06,C0108,P002,S002,1,12.00,0.60,12.60,Upi,8.40
INV01670,2024-05-24,C0077,P004,S002,2,14.00,0.70,14.70,Card,9.70
INV01671,2024-11-13,C0193,P016,S003,1,9.00,0.45,9.45,Cash,8.00
INV01672,2024-05-11,C0122,P013,S002,2,30.00,1.50,31.50,Upi,9.20
INV01673,2024-09-29,C0126,P009,S003,3,34.50,1.73,36.23,Upi,6.60
INV01674,2024-06-22,C0239,P004,S003,2,14.00,0.70,14.70,Upi,9.20
INV01675,2024-11-08,C0044,P011,S001,1,25.00,1.25,26.25,Upi,6.80
INV01676,2024-06-01,C0086,P007,S001,3,24.00,1.20,25.20,Upi,7.60
INV01677,2024-05-29,C0125,P003,S003,2,19.00,0.95,19.95,Upi,7.60
INV01678,2024-10-16,C0046,P007,S002,3,24.00,1.20,25.20,Card,9.80
INV01679,2024-03-27,C0016,P014,S002,1,12.00,0.60,12.60,Upi,6.90
INV01680,2024-01-14,C0047,P017,S003,2,40.00,2.00,42.00,Card,7.60
INV01681,2024-05-12,C0037,P007,S001,1,8.00,0.40,8.40,Card,6.80
INV01682,2024-06-26,C0010,P015,S002,1,35.00,1.75,36.75,Upi,5.50
INV01683,2024-01-17,C0095,P018,S001,2,64.00,3.20,67.20,Upi,9.60
INV01684,2024-10-28,C0031,P006,S001,1,14.00,0.70,14.70,Upi,7.00
INV01685,2024-12-11,C0043,P006,S003,2,28.00,1.40,29.40,Upi,6.00
INV01686,2024-05-19,C0030,P016,S002,1,9.00,0.45,9.45,Card,9.30
INV01687,2024-12-19,C0066,P001,S001,2,37.00,1.85,38.85,Upi,9.40
INV01688,2024-06-12,C0073,P003,S002,1,9.50,0.48,9.98,Card,9.20
INV01689,2024-03-24,C0070,P017,S003,1,20.00,1.00,21.00,Card,9.60
INV01690,2024-08-28,C0091,P002,S001,3,36.00,1.80,37.80,Upi,8.70
INV01691,2024-12-06,C0128,P018,S003,1,32.00,1.60,33.60,Card,5.70
INV01692,2024-06-20,C0031,P010,S001,3,15.00,0.75,15.75,Card,8.60
INV01693,2024-03-07,C0103,P008,S003,1,22.00,1.10,23.10,Cash,8.20
INV01694,2024-04-28,C0092,P016,S001,1,9.00,0.45,9.45,Upi,9.20
INV01695,2024-07-16,C0159,P018,S003,1,32.00,1.60,33.60,Upi,9.80
INV01696,2024-01-19,C0084,P013,S003,1,15.00,0.75,15.75,Cash,9.70
INV01697,2024-10-09,C0028,P007,S001,1,8.00,0.40,8.40,Upi,7.40
INV01698,2024-04-23,C0002,P009,S002,2,23.00,1.15,24.15,Upi,6.00
INV01699,2024-10-09,C0009,P012,S003,3,54.00,2.70,56.70,Upi,9.50
INV01700,2024-12-12,C0030,P015,S001,3,105.00,5.25,110.25,Card,7.90
INV01701,2024-10-27,C0019,P002,S002,1,12.00,0.60,12.60,Upi,8.70
INV01702,2024-04-26,C0068,P004,S001,1,7.00,0.35,7.35,Card,9.80
INV01703,2024-11-30,C0197,P004,S003,2,14.00,0.70,14.70,Card,8.20
INV01704,2024-12-16,C0008,P017,S002,1,20.00,1.00,21.00,Card,9.40
INV01705,2024-12-28,C0234,P013,S002,2,30.00,1.50,31.50,Cash,9.10
INV01706,2024-10-09,C0014,P011,S001,1,25.00,1.25,26.25,Upi,8.60
INV01707,2024-03-20,C0124,P006,S001,2,28.00,1.40,29.40,Upi,6.50
INV01708,2024-10-22,C0116,P012,S002,1,18.00,0.90,18.90,Card,8.00
INV01709,2024-12-05,C0136,P014,S002,2,24.00,1.20,25.20,Upi,6.50
INV01710,2024-05-06,C0201,P013,S002,1,15.00,0.75,15.75,Upi,7.00
INV01711,2024-02-11,C0071,P009,S002,3,34.50,1.73,36.23,Upi,6.90
INV01712,2024-02-08,C0071,P003,S003,1,9.50,0.48,9.98,Card,8.60
INV01713,2024-02-27,C0081,P018,S001,1,32.00,1.60,33.60,Cash,6.50
INV01714,2024-11-29,C0013,P014,S003,1,12.00,0.60,12.60,Card,8.50
INV01715,2024-07-12,C0007,P015,S003,1,35.00,1.75,36.75,Cash,5.70
INV01716,2024-07-30,C0059,P015,S002,1,35.00,1.75,36.75,Card,6.40
INV01717,2024-11-17,C0140,P001,S001,1,18.50,0.93,19.43,Upi,7.40
INV01718,2024-07-21,C0101,P003,S003,1,9.50,0.48,9.98,Cash,8.80
INV01719,2024-04-10,C0200,P010,S001,2,10.00,0.50,10.50,Cash,9.50
INV01720,2024-12-25,C0069,P001,S002,4,74.00,3.70,77.70,Upi,8.20
INV01721,2024-01-05,C0147,P014,S002,2,24.00,1.20,25.20,Card,7.80
INV01722,2024-04-01,C0199,P014,S003,1,12.00,0.60,12.60,Upi,9.90
INV01723,2024-03-15,C0020,P006,S003,1,14.00,0.70,14.70,Card,7.40
INV01724,2024-06-29,C0035,P005,S002,2,13.00,0.65,13.65,Upi,8.00
INV01725,2024-09-25,C0011,P010,S002,3,15.00,0.75,15.75,Upi,7.50
INV01726,2024-11-22,C0154,P005,S001,1,6.50,0.33,6.83,Upi,7.50
INV01727,2024-11-18,C0138,P002,S001,3,36.00,1.80,37.80,Cash,6.00
INV01728,2024-10-06,C0137,P012,S002,1,18.00,0.90,18.90,Upi,6.60
INV01729,2024-11-05,C0072,P017,S002,1,20.00,1.00,21.00,Upi,7.90
INV01730,2024-07-26,C0131,P002,S003,3,36.00,1.80,37.80,Upi,8.80
INV01731,2024-11-15,C0097,P002,S003,1,12.00,0.60,12.60,Card,8.70
INV01732,2024-03-15,C0039,P014,S003,1,12.00,0.60,12.60,Cash,5.90
INV01733,2024-07-11,C0069,P018,S001,4,128.00,6.40,134.40,Upi,9.50
INV01734,2024-02-22,C0039,P017,S003,1,20.00,1.00,21.00,Cash,6.00
INV01735,2024-10-24,C0038,P013,S002,3,45.00,2.25,47.25,Upi,6.00
INV01736,2024-01-10,C0018,P011,S003,1,25.00,1.25,26.25,Cash,9.60
INV01737,2024-12-10,C0183,P012,S001,2,36.00,1.80,37.80,Cash,8.30
INV01738,2024-10-08,C0039,P005,S002,1,6.50,0.33,6.83,Card,5.60
INV01739,2024-04-27,C0042,P016,S002,1,9.00,0.45,9.45,Card,9.70
INV01740,2024-10-26,C0023,P014,S001,1,12.00,0.60,12.60,Cash,6.20
INV01741,2024-12-06,C0112,P017,S002,1,20.00,1.00,21.00,Card,6.80
INV01742,2024-04-26,C0128,P003,S003,5,47.50,2.38,49.88,Cash,7.50
INV01743,2024-08-27,C0020,P006,S002,1,14.00,0.70,14.70,Card,5.70
INV01744,2024-03-19,C0098,P002,S003,2,24.00,1.20,25.20,Card,9.90
INV01745,2024-02-27,C0182,P007,S002,2,16.00,0.80,16.80,Card,9.30
INV01746,2024-01-03,C0043,P011,S003,3,75.00,3.75,78.75,Upi,9.00
INV01747,2024-08-16,C0081,P014,S003,5,60.00,3.00,63.00,Cash,5.90
INV01748,2024-09-06,C0107,P002,S002,2,24.00,1.20,25.20,Cash,7.00
INV01749,2024-08-13,C0137,P010,S003,4,20.00,1.00,21.00,Upi,8.90
INV01750,2024-09-24,C0148,P017,S002,3,60.00,3.00,63.00,Card,5.60
INV01751,2024-12-30,C0082,P013,S003,4,60.00,3.00,63.00,Upi,9.10
INV01752,2024-09-14,C0160,P014,S003,1,12.00,0.60,12.60,Cash,6.30
INV01753,2024-01-24,C0144,P014,S002,2,24.00,1.20,25.20,Upi,10.00
INV01754,2024-04-12,C0066,P009,S003,1,11.50,0.58,12.08,Upi,9.50
INV01755,2024-11-27,C0092,P009,S001,3,34.50,1.73,36.23,Card,5.70
INV01756,2024-10-14,C0087,P014,S003,1,12.00,0.60,12.60,Upi,6.90
INV01757,2024-11-18,C0074,P012,S002,2,36.00,1.80,37.80,Cash,7.20
INV01758,2024-09-14,C0022,P018,S001,3,96.00,4.80,100.80,Card,9.60
INV01759,2024-07-22,C0144,P006,S002,2,28.00,1.40,29.40,Cash,9.00
INV01760,2024-12-03,C0183,P002,S002,4,48.00,2.40,50.40,Upi,6.90
INV01761,2024-09-19,C0058,P013,S001,1,15.00,0.75,15.75,Cash,7.60
INV01762,2024-09-26,C0075,P004,S002,4,28.00,1.40,29.40,Card,9.30
INV01763,2024-11-10,C0091,P009,S002,1,11.50,0.58,12.08,Upi,5.90
INV01764,2024-02-28,C0040,P007,S001,2,16.00,0.80,16.80,Upi,7.10
INV01765,2024-02-11,C0090,P014,S001,1,12.00,0.60,12.60,Upi,8.10
INV01766,2024-08-13,C0087,P018,S001,2,64.00,3.20,67.20,Card,7.00
INV01767,2024-08-31,C0226,P009,S003,2,23.00,1.15,24.15,Card,7.20
INV01768,2024-01-19,C0109,P003,S003,1,9.50,0.48,9.98,Card,5.70
INV01769,2024-02-13,C0218,P012,S001,1,18.00,0.90,18.90,Upi,5.50
INV01770,2024-11-04,C0098,P017,S002,1,20.00,1.00,21.00,Upi,9.60
INV01771,2024-07-25,C0071,P004,S001,1,7.00,0.35,7.35,Cash,8.80
INV01772,2024-10-10,C0013,P001,S001,3,55.50,2.78,58.28,Upi,5.80
INV01773,2024-02-22,C0191,P001,S001,1,18.50,0.93,19.43,Upi,6.00
INV01774,2024-05-26,C0131,P006,S003,3,42.00,2.10,44.10,Upi,7.00
INV01775,2024-03-08,C0220,P007,S003,2,16.00,0.80,16.80,Card,10.00
INV01776,2024-07-22,C0032,P001,S003,4,74.00,3.70,77.70,Card,8.00
INV01777,2024-01-13,C0055,P016,S003,1,9.00,0.45,9.45,Upi,6.40
INV01778,2024-01-25,C0113,P015,S002,3,105.00,5.25,110.25,Cash,5.70
INV01779,2024-01-14,C0106,P010,S003,3,15.00,0.75,15.75,Upi,8.00
INV01780,2024-09-30,C0144,P004,S002,3,21.00,1.05,22.05,Card,5.60
INV01781,2024-11-14,C0136,P008,S002,1,22.00,1.10,23.10,Upi,7.40
INV01782,2024-04-28,C0017,P006,S001,1,14.00,0.70,14.70,Cash,6.40
INV01783,2024-03-26,C0108,P013,S003,1,15.00,0.75,15.75,Card,8.50
INV01784,2024-07-14,C0046,P002,S001,1,12.00,0.60,12.60,Cash,9.20
INV01785,2024-03-10,C0078,P016,S003,1,9.00,0.45,9.45,Cash,6.70
INV01786,2024-03-14,C0034,P010,S002,1,5.00,0.25,5.25,Upi,7.30
INV01787,2024-09-13,C0086,P012,S001,3,54.00,2.70,56.70,Upi,5.70
INV01788,2024-01-10,C0201,P002,S002,3,36.00,1.80,37.80,Upi,5.90
INV01789,2024-11-03,C0138,P016,S003,5,45.00,2.25,47.25,Card,5.80
INV01790,2024-08-26,C0091,P012,S003,2,36.00,1.80,37.80,Cash,6.40
INV01791,2024-08-31,C0168,P017,S002,2,40.00,2.00,42.00,Card,7.80
INV01792,2024-12-08,C0017,P004,S003,1,7.00,0.35,7.35,Cash,7.10
INV01793,2024-12-08,C0076,P011,S002,3,75.00,3.75,78.75,Card,7.20
INV01794,2024-12-27,C0047,P017,S001,4,80.00,4.00,84.00,Upi,8.00
INV01795,2024-04-17,C0087,P012,S003,1,18.00,0.90,18.90,Upi,9.60
INV01796,2024-10-14,C0059,P004,S002,1,7.00,0.35,7.35,Cash,5.80
INV01797,2024-11-30,C0020,P001,S002,1,18.50,0.93,19.43,Upi,6.30
INV01798,2024-07-27,C0028,P006,S002,1,14.00,0.70,14.70,Card,8.10
INV01799,2024-03-18,C0057,P010,S003,1,5.00,0.25,5.25,Cash,7.40
INV01800,2024-11-09,C0222,P006,S002,2,28.00,1.40,29.40,Cash,6.20

